Date,Recession,GDP,Unemployment,HousingStarts,CPI,DowJones,NASDAQ,SP500,VehicleSales,RealHPI,NominalHPI
1/1/1913,1,,,,9.8,,,,,95.4085608,4.369729566
2/1/1913,1,,,,9.8,,,,,,
3/1/1913,1,,,,9.8,,,,,,
4/1/1913,1,,,,9.8,,,,,,
5/1/1913,1,,,,9.7,,,,,,
6/1/1913,1,,,,9.8,,,,,,
7/1/1913,1,,,,9.9,,,,,,
8/1/1913,1,,,,9.9,,,,,,
9/1/1913,1,,,,10,,,,,,
10/1/1913,1,,,,10,,,,,,
11/1/1913,1,,,,10.1,,,,,,
12/1/1913,1,,,,10,,,,,,
1/1/1914,1,,,,10,,,,,96.9771637,4.53221619
2/1/1914,1,,,,9.9,,,,,,
3/1/1914,1,,,,9.9,,,,,,
4/1/1914,1,,,,9.8,,,,,,
5/1/1914,1,,,,9.9,,,,,,
6/1/1914,1,,,,9.9,,,,,,
7/1/1914,1,,,,10,,,,,,
8/1/1914,1,,,,10.2,,,,,,
9/1/1914,1,,,,10.2,,,,,,
10/1/1914,1,,,,10.1,,,,,,
11/1/1914,1,,,,10.2,,,,,,
12/1/1914,1,,,,10.1,,,,,,
1/1/1915,,,,,10.1,,,,,88.1487638,4.160818193
2/1/1915,,,,,10,,,,,,
3/1/1915,,,,,9.9,,,,,,
4/1/1915,,,,,10,,,,,,
5/1/1915,,,,,10.1,,,,,,
6/1/1915,,,,,10.1,,,,,,
7/1/1915,,,,,10.1,,,,,,
8/1/1915,,,,,10.1,,,,,,
9/1/1915,,,,,10.1,,,,,,
10/1/1915,,,,,10.2,,,,,,
11/1/1915,,,,,10.3,,,,,,
12/1/1915,,,,,10.3,,,,,,
1/1/1916,,,,,10.4,,,,,93.72485165,4.555428565
2/1/1916,,,,,10.4,,,,,,
3/1/1916,,,,,10.5,,,,,,
4/1/1916,,,,,10.6,,,,,,
5/1/1916,,,,,10.7,,,,,,
6/1/1916,,,,,10.8,,,,,,
7/1/1916,,,,,10.8,,,,,,
8/1/1916,,,,,10.9,,,,,,
9/1/1916,,,,,11.1,,,,,,
10/1/1916,,,,,11.3,,,,,,
11/1/1916,,,,,11.5,,,,,,
12/1/1916,,,,,11.6,,,,,,
1/1/1917,,,,,11.7,,,,,85.00903742,4.648278065
2/1/1917,,,,,12,,,,,,
3/1/1917,,,,,12,,,,,,
4/1/1917,,,,,12.6,,,,,,
5/1/1917,,,,,12.8,,,,,,
6/1/1917,,,,,13,,,,,,
7/1/1917,,,,,12.8,,,,,,
8/1/1917,,,,,13,,,,,,
9/1/1917,,,,,13.3,,,,,,
10/1/1917,,,,,13.5,,,,,,
11/1/1917,,,,,13.5,,,,,,
12/1/1917,,,,,13.7,,,,,,
1/1/1918,,,,,14,,,,,75.56662106,4.944235844
2/1/1918,,,,,14.1,,,,,,
3/1/1918,,,,,14,,,,,,
4/1/1918,,,,,14.2,,,,,,
5/1/1918,,,,,14.5,,,,,,
6/1/1918,,,,,14.7,,,,,,
7/1/1918,,,,,15.1,,,,,,
8/1/1918,1,,,,15.4,,,,,,
9/1/1918,1,,,,15.7,,,,,,
10/1/1918,1,,,,16,,,,,,
11/1/1918,1,,,,16.3,,,,,,
12/1/1918,1,,,,16.5,,,,,,
1/1/1919,1,,,,16.5,,,,,70.51379536,5.43749881
2/1/1919,1,,,,16.2,,,,,,
3/1/1919,1,,,,16.4,,,,,,
4/1/1919,,,,,16.7,,,,,,
5/1/1919,,,,,16.9,,,,,,
6/1/1919,,,,,16.9,,,,,,
7/1/1919,,,,,17.4,,,,,,
8/1/1919,,,,,17.7,,,,,,
9/1/1919,,,,,17.8,,,,,,
10/1/1919,,,,,18.1,,,,,,
11/1/1919,,,,,18.5,,,,,,
12/1/1919,,,,,18.9,,,,,,
1/1/1920,1,,,,19.3,,,,,66.07414907,5.959777244
2/1/1920,1,,,,19.5,,,,,,
3/1/1920,1,,,,19.7,,,,,,
4/1/1920,1,,,,20.3,,,,,,
5/1/1920,1,,,,20.6,,,,,,
6/1/1920,1,,,,20.9,,,,,,
7/1/1920,1,,,,20.8,,,,,,
8/1/1920,1,,,,20.3,,,,,,
9/1/1920,1,,,,20,,,,,,
10/1/1920,1,,,,19.9,,,,,,
11/1/1920,1,,,,19.8,,,,,,
12/1/1920,1,,,,19.4,,,,,,
1/1/1921,1,,,,19,,,,,65.61430848,5.826306089
2/1/1921,1,,,,18.4,,,,,,
3/1/1921,1,,,,18.3,,,,,,
4/1/1921,1,,,,18.1,,,,,,
5/1/1921,1,,,,17.7,,,,,,
6/1/1921,1,,,,17.6,,,,,,
7/1/1921,1,,,,17.7,,,,,,
8/1/1921,,,,,17.7,,,,,,
9/1/1921,,,,,17.5,,,,,,
10/1/1921,,,,,17.5,,,,,,
11/1/1921,,,,,17.4,,,,,,
12/1/1921,,,,,17.3,,,,,,
1/1/1922,,,,,16.9,,,,,74.79619714,5.907549401
2/1/1922,,,,,16.9,,,,,,
3/1/1922,,,,,16.7,,,,,,
4/1/1922,,,,,16.7,,,,,,
5/1/1922,,,,,16.7,,,,,,
6/1/1922,,,,,16.7,,,,,,
7/1/1922,,,,,16.8,,,,,,
8/1/1922,,,,,16.6,,,,,,
9/1/1922,,,,,16.6,,,,,,
10/1/1922,,,,,16.7,,,,,,
11/1/1922,,,,,16.8,,,,,,
12/1/1922,,,,,16.9,,,,,,
1/1/1923,,,,,16.8,,,,,76.35007782,5.994595806
2/1/1923,,,,,16.8,,,,,,
3/1/1923,,,,,16.8,,,,,,
4/1/1923,,,,,16.9,,,,,,
5/1/1923,1,,,,16.9,,,,,,
6/1/1923,1,,,,17,,,,,,
7/1/1923,1,,,,17.2,,,,,,
8/1/1923,1,,,,17.1,,,,,,
9/1/1923,1,,,,17.2,,,,,,
10/1/1923,1,,,,17.3,,,,,,
11/1/1923,1,,,,17.3,,,,,,
12/1/1923,1,,,,17.3,,,,,,
1/1/1924,1,,,,17.3,,,,,74.28697788,6.006201994
2/1/1924,1,,,,17.2,,,,,,
3/1/1924,1,,,,17.1,,,,,,
4/1/1924,1,,,,17,,,,,,
5/1/1924,1,,,,17,,,,,,
6/1/1924,1,,,,17,,,,,,
7/1/1924,1,,,,17.1,,,,,,
8/1/1924,,,,,17,,,,,,
9/1/1924,,,,,17.1,,,,,,
10/1/1924,,,,,17.2,,,,,,
11/1/1924,,,,,17.2,,,,,,
12/1/1924,,,,,17.3,,,,,,
1/1/1925,,,,,17.3,,,,,78.16282021,6.319569054
2/1/1925,,,,,17.2,,,,,,
3/1/1925,,,,,17.3,,,,,,
4/1/1925,,,,,17.2,,,,,,
5/1/1925,,,,,17.3,,,,,,
6/1/1925,,,,,17.5,,,,,,
7/1/1925,,,,,17.7,,,,,,
8/1/1925,,,,,17.7,,,,,,
9/1/1925,,,,,17.7,,,,,,
10/1/1925,,,,,17.7,,,,,,
11/1/1925,,,,,18,,,,,,
12/1/1925,,,,,17.9,,,,,,
1/1/1926,,,,,17.9,,,,,72.49060155,6.064232931
2/1/1926,,,,,17.9,,,,,,
3/1/1926,,,,,17.8,,,,,,
4/1/1926,,,,,17.9,,,,,,
5/1/1926,,,,,17.8,,,,,,
6/1/1926,,,,,17.7,,,,,,
7/1/1926,,,,,17.5,,,,,,
8/1/1926,,,,,17.4,,,,,,
9/1/1926,,,,,17.5,,,,,,
10/1/1926,1,,,,17.6,,,,,,
11/1/1926,1,,,,17.7,,,,,,
12/1/1926,1,,,,17.7,,,,,,
1/1/1927,1,,,,17.5,,,,,71.38030121,5.837912276
2/1/1927,1,,,,17.4,,,,,,
3/1/1927,1,,,,17.3,,,,,,
4/1/1927,1,,,,17.3,,,,,,
5/1/1927,1,,,,17.4,,,,,,
6/1/1927,1,,,,17.6,,,,,,
7/1/1927,1,,,,17.3,,,,,,
8/1/1927,1,,,,17.2,,,,,,
9/1/1927,1,,,,17.3,,,,,,
10/1/1927,1,,,,17.4,,,,,,
11/1/1927,1,,,,17.3,,,,,,
12/1/1927,,,,,17.3,,,,,,
1/1/1928,,,,,17.3,,,,,73.28212987,5.924958682
2/1/1928,,,,,17.1,,,,,,
3/1/1928,,,,,17.1,,,,,,
4/1/1928,,,,,17.1,,,,,,
5/1/1928,,,,,17.2,,,,,,
6/1/1928,,,,,17.1,,,,,,
7/1/1928,,,,,17.1,,,,,,
8/1/1928,,,,,17.1,,,,,,
9/1/1928,,,,,17.3,,,,,,
10/1/1928,,,,,17.2,,,,,,
11/1/1928,,,,,17.2,,,,,,
12/1/1928,,,,,17.1,,,,,,
1/1/1929,,,,,17.1,,,,,72.61432988,5.803093714
2/1/1929,,,,,17.1,,,,,,
3/1/1929,,,,,17,,,,,,
4/1/1929,,,,,16.9,,,,,,
5/1/1929,,,,,17,,,,,,
6/1/1929,,,,,17.1,,,,,,
7/1/1929,,,,,17.3,,,,,,
8/1/1929,1,,,,17.3,,,,,,
9/1/1929,1,,,,17.3,,,,,,
10/1/1929,1,,,,17.3,,,,,,
11/1/1929,1,,,,17.3,,,,,,
12/1/1929,1,,,,17.2,,,,,,
1/1/1930,1,,,,17.1,,,,,69.4919137,5.553560684
2/1/1930,1,,,,17,,,,,,
3/1/1930,1,,,,16.9,,,,,,
4/1/1930,1,,,,17,,,,,,
5/1/1930,1,,,,16.9,,,,,,
6/1/1930,1,,,,16.8,,,,,,
7/1/1930,1,,,,16.6,,,,,,
8/1/1930,1,,,,16.5,,,,,,
9/1/1930,1,,,,16.6,,,,,,
10/1/1930,1,,,,16.5,,,,,,
11/1/1930,1,,,,16.4,,,,,,
12/1/1930,1,,,,16.1,,,,,,
1/1/1931,1,,,,15.9,,,,,68.64520321,5.100919374
2/1/1931,1,,,,15.7,,,,,,
3/1/1931,1,,,,15.6,,,,,,
4/1/1931,1,,,,15.5,,,,,,
5/1/1931,1,,,,15.3,,,,,,
6/1/1931,1,,,,15.1,,,,,,
7/1/1931,1,,,,15.1,,,,,,
8/1/1931,1,,,,15.1,,,,,,
9/1/1931,1,,,,15,,,,,,
10/1/1931,1,,,,14.9,,,,,,
11/1/1931,1,,,,14.7,,,,,,
12/1/1931,1,,,,14.6,,,,,,
1/1/1932,1,,,,14.3,,,,,68.33719351,4.567034753
2/1/1932,1,,,,14.1,,,,,,
3/1/1932,1,,,,14,,,,,,
4/1/1932,1,,,,13.9,,,,,,
5/1/1932,1,,,,13.7,,,,,,
6/1/1932,1,,,,13.6,,,,,,
7/1/1932,1,,,,13.6,,,,,,
8/1/1932,1,,,,13.5,,,,,,
9/1/1932,1,,,,13.4,,,,,,
10/1/1932,1,,,,13.3,,,,,,
11/1/1932,1,,,,13.2,,,,,,
12/1/1932,1,,,,13.1,,,,,,
1/1/1933,1,,,,12.9,,,,,72.86594698,4.392941941
2/1/1933,1,,,,12.7,,,,,,
3/1/1933,1,,,,12.6,,,,,,
4/1/1933,,,,,12.6,,,,,,
5/1/1933,,,,,12.6,,,,,,
6/1/1933,,,,,12.7,,,,,,
7/1/1933,,,,,13.1,,,,,,
8/1/1933,,,,,13.2,,,,,,
9/1/1933,,,,,13.2,,,,,,
10/1/1933,,,,,13.2,,,,,,
11/1/1933,,,,,13.2,,,,,,
12/1/1933,,,,,13.2,,,,,,
1/1/1934,,,,,13.2,,,,,73.27941113,4.520610003
2/1/1934,,,,,13.3,,,,,,
3/1/1934,,,,,13.3,,,,,,
4/1/1934,,,,,13.3,,,,,,
5/1/1934,,,,,13.3,,,,,,
6/1/1934,,,,,13.4,,,,,,
7/1/1934,,,,,13.4,,,,,,
8/1/1934,,,,,13.4,,,,,,
9/1/1934,,,,,13.6,,,,,,
10/1/1934,,,,,13.5,,,,,,
11/1/1934,,,,,13.5,,,,,,
12/1/1934,,,,,13.4,,,,,,
1/1/1935,,,,,13.6,,,,,78.06999903,4.962085259
2/1/1935,,,,,13.7,,,,,,
3/1/1935,,,,,13.7,,,,,,
4/1/1935,,,,,13.8,,,,,,
5/1/1935,,,,,13.8,,,,,,
6/1/1935,,,,,13.7,,,,,,
7/1/1935,,,,,13.7,,,,,,
8/1/1935,,,,,13.7,,,,,,
9/1/1935,,,,,13.7,,,,,,
10/1/1935,,,,,13.7,,,,,,
11/1/1935,,,,,13.8,,,,,,
12/1/1935,,,,,13.8,,,,,,
1/1/1936,,,,,13.8,,,,,79.41489505,5.121795008
2/1/1936,,,,,13.8,,,,,,
3/1/1936,,,,,13.7,,,,,,
4/1/1936,,,,,13.7,,,,,,
5/1/1936,,,,,13.7,,,,,,
6/1/1936,,,,,13.8,,,,,,
7/1/1936,,,,,13.9,,,,,,
8/1/1936,,,,,14,,,,,,
9/1/1936,,,,,14,,,,,,
10/1/1936,,,,,14,,,,,,
11/1/1936,,,,,14,,,,,,
12/1/1936,,,,,14,,,,,,
1/1/1937,,,,,14.1,,,,,79.71761781,5.253086651
2/1/1937,,,,,14.1,,,,,,
3/1/1937,,,,,14.2,,,,,,
4/1/1937,,,,,14.3,,,,,,
5/1/1937,1,,,,14.4,,,,,,
6/1/1937,1,,,,14.4,,,,,,
7/1/1937,1,,,,14.5,,,,,,
8/1/1937,1,,,,14.5,,,,,,
9/1/1937,1,,,,14.6,,,,,,
10/1/1937,1,,,,14.6,,,,,,
11/1/1937,1,,,,14.5,,,,,,
12/1/1937,1,,,,14.4,,,,,,
1/1/1938,1,,,,14.2,,,,,78.46465294,5.207191412
2/1/1938,1,,,,14.1,,,,,,
3/1/1938,1,,,,14.1,,,,,,
4/1/1938,1,,,,14.2,,,,,,
5/1/1938,1,,,,14.1,,,,,,
6/1/1938,1,,,,14.1,,,,,,
7/1/1938,,,,,14.1,,,,,,
8/1/1938,,,,,14.1,,,,,,
9/1/1938,,,,,14.1,,,,,,
10/1/1938,,,,,14,,,,,,
11/1/1938,,,,,14,,,,,,
12/1/1938,,,,,14,,,,,,
1/1/1939,,,,,14,,,,,78.54968493,5.139414232
2/1/1939,,,,,13.9,,,,,,
3/1/1939,,,,,13.9,,,,,,
4/1/1939,,,,,13.8,,,,,,
5/1/1939,,,,,13.8,,,,,,
6/1/1939,,,,,13.8,,,,,,
7/1/1939,,,,,13.8,,,,,,
8/1/1939,,,,,13.8,,,,,,
9/1/1939,,,,,14.1,,,,,,
10/1/1939,,,,,14,,,,,,
11/1/1939,,,,,14,,,,,,
12/1/1939,,,,,14,,,,,,
1/1/1940,,,,,13.9,,,,,81.73080633,5.309354499
2/1/1940,,,,,14,,,,,,
3/1/1940,,,,,14,,,,,,
4/1/1940,,,,,14,,,,,,
5/1/1940,,,,,14,,,,,,
6/1/1940,,,,,14.1,,,,,,
7/1/1940,,,,,14,,,,,,
8/1/1940,,,,,14,,,,,,
9/1/1940,,,,,14,,,,,,
10/1/1940,,,,,14,,,,,,
11/1/1940,,,,,14,,,,,,
12/1/1940,,,,,14.1,,,,,,
1/1/1941,,,,,14.1,,,,,73.81588343,4.864184889
2/1/1941,,,,,14.1,,,,,,
3/1/1941,,,,,14.2,,,,,,
4/1/1941,,,,,14.3,,,,,,
5/1/1941,,,,,14.4,,,,,,
6/1/1941,,,,,14.7,,,,,,
7/1/1941,,,,,14.7,,,,,,
8/1/1941,,,,,14.9,,,,,,
9/1/1941,,,,,15.1,,,,,,
10/1/1941,,,,,15.3,,,,,,
11/1/1941,,,,,15.4,,,,,,
12/1/1941,,,,,15.5,,,,,,
1/1/1942,,,,,15.7,,,,,68.50282683,5.026310176
2/1/1942,,,,,15.8,,,,,,
3/1/1942,,,,,16,,,,,,
4/1/1942,,,,,16.1,,,,,,
5/1/1942,,,,,16.3,,,,,,
6/1/1942,,,,,16.3,,,,,,
7/1/1942,,,,,16.4,,,,,,
8/1/1942,,,,,16.5,,,,,,
9/1/1942,,,,,16.5,,,,,,
10/1/1942,,,,,16.7,,,,,,
11/1/1942,,,,,16.8,,,,,,
12/1/1942,,,,,16.9,,,,,,
1/1/1943,,,,,16.9,,,,,70.9229742,5.601634705
2/1/1943,,,,,16.9,,,,,,
3/1/1943,,,,,17.2,,,,,,
4/1/1943,,,,,17.4,,,,,,
5/1/1943,,,,,17.5,,,,,,
6/1/1943,,,,,17.5,,,,,,
7/1/1943,,,,,17.4,,,,,,
8/1/1943,,,,,17.3,,,,,,
9/1/1943,,,,,17.4,,,,,,
10/1/1943,,,,,17.4,,,,,,
11/1/1943,,,,,17.4,,,,,,
12/1/1943,,,,,17.4,,,,,,
1/1/1944,,,,,17.4,,,,,80.30899579,6.530622547
2/1/1944,,,,,17.4,,,,,,
3/1/1944,,,,,17.4,,,,,,
4/1/1944,,,,,17.5,,,,,,
5/1/1944,,,,,17.5,,,,,,
6/1/1944,,,,,17.6,,,,,,
7/1/1944,,,,,17.7,,,,,,
8/1/1944,,,,,17.7,,,,,,
9/1/1944,,,,,17.7,,,,,,
10/1/1944,,,,,17.7,,,,,,
11/1/1944,,,,,17.7,,,,,,
12/1/1944,,,,,17.8,,,,,,
1/1/1945,,,,,17.8,,,,,87.75004612,7.299758551
2/1/1945,1,,,,17.8,,,,,,
3/1/1945,1,,,,17.8,,,,,,
4/1/1945,1,,,,17.8,,,,,,
5/1/1945,1,,,,17.9,,,,,,
6/1/1945,1,,,,18.1,,,,,,
7/1/1945,1,,,,18.1,,,,,,
8/1/1945,1,,,,18.1,,,,,,
9/1/1945,1,,,,18.1,,,,,,
10/1/1945,1,,,,18.1,,,,,,
11/1/1945,,,,,18.1,,,,,,
12/1/1945,,,,,18.2,,,,,,
1/1/1946,,,,,18.2,,,,,106.5058955,9.059123412
2/1/1946,,,,,18.1,,,,,,
3/1/1946,,,,,18.3,,,,,,
4/1/1946,,,,,18.4,,,,,,
5/1/1946,,,,,18.5,,,,,,
6/1/1946,,,,,18.7,,,,,,
7/1/1946,,,,,19.8,,,,,,
8/1/1946,,,,,20.2,,,,,,
9/1/1946,,,,,20.4,,,,,,
10/1/1946,,,,,20.8,,,,,,
11/1/1946,,,,,21.3,,,,,,
12/1/1946,,,,,21.5,,,,,,
1/1/1947,,243.2,,,21.5,,,,,109.3296707,10.98544464
2/1/1947,,,,,21.5,,,,,,
3/1/1947,,,,,21.9,,,,,,
4/1/1947,,246,,,21.9,,,,,,
5/1/1947,,,,,21.9,,,,,,
6/1/1947,,,,,22,,,,,,
7/1/1947,,249.6,,,22.2,,,,,,
8/1/1947,,,,,22.5,,,,,,
9/1/1947,,,,,23,,,,,,
10/1/1947,,259.7,,,23,,,,,,
11/1/1947,,,,,23.1,,,,,,
12/1/1947,,,,,23.4,,,,,,
1/1/1948,,265.7,3.4,,23.7,,,,,101.2225795,11.21158171
2/1/1948,,,3.8,,23.5,,,,,,
3/1/1948,,,4,,23.4,,,,,,
4/1/1948,,272.6,3.9,,23.8,,,,,,
5/1/1948,,,3.5,,23.9,,,,,,
6/1/1948,,,3.6,,24.1,,,,,,
7/1/1948,,279.2,3.6,,24.4,,,,,,
8/1/1948,,,3.9,,24.5,,,,,,
9/1/1948,,,3.8,,24.5,,,,,,
10/1/1948,,280.4,3.7,,24.4,,,,,,
11/1/1948,1,,3.8,,24.2,,,,,,
12/1/1948,1,,4,,24.1,,,,,,
1/1/1949,1,275,4.3,,24,,,,,100.0466076,11.22159909
2/1/1949,1,,4.7,,23.8,,,,,,
3/1/1949,1,,5,,23.8,,,,,,
4/1/1949,1,271.4,5.3,,23.9,,,,,,
5/1/1949,1,,6.1,,23.8,,,,,,
6/1/1949,1,,6.2,,23.9,,,,,,
7/1/1949,1,272.9,6.7,,23.7,,,,,,
8/1/1949,1,,6.8,,23.8,,,,,,
9/1/1949,1,,6.6,,23.9,,,,,,
10/1/1949,1,270.6,7.9,,23.7,,,,,,
11/1/1949,,,6.4,,23.8,,,,,,
12/1/1949,,,6.6,,23.6,,,,,,
1/1/1950,,280.8,6.5,,23.5,,,17.049999,,105.8948393,11.63010934
2/1/1950,,,6.4,,23.5,,,17.219999,,,
3/1/1950,,,6.3,,23.6,,,17.290001,,,
4/1/1950,,290.4,5.8,,23.6,,,18.07,,,
5/1/1950,,,5.5,,23.7,,,18.780001,,,
6/1/1950,,,5.4,,23.8,,,17.690001,,,
7/1/1950,,308.2,5,,24.1,,,17.84,,,
8/1/1950,,,4.5,,24.3,,,18.42,,,
9/1/1950,,,4.4,,24.4,,,19.450001,,,
10/1/1950,,319.9,4.2,,24.6,,,19.530001,,,
11/1/1950,,,4.2,,24.7,,,19.51,,,
12/1/1950,,,4.3,,25,,,20.41,,,
1/1/1951,,336,3.7,,25.4,,,21.66,,103.8986687,12.33345743
2/1/1951,,,3.4,,25.7,,,21.799999,,,
3/1/1951,,,3.4,,25.8,,,21.4,,,
4/1/1951,,344.1,3.1,,25.8,,,22.43,,,
5/1/1951,,,3,,25.9,,,21.52,,,
6/1/1951,,,3.2,,25.9,,,20.959999,,,
7/1/1951,,351.4,3.1,,25.9,,,22.4,,,
8/1/1951,,,3.1,,25.9,,,23.280001,,,
9/1/1951,,,3.3,,26.1,,,23.26,,,
10/1/1951,,356.2,3.5,,26.2,,,22.940001,,,
11/1/1951,,,3.5,,26.4,,,22.879999,,,
12/1/1951,,,3.1,,26.5,,,23.77,,,
1/1/1952,,359.8,3.2,,26.5,,,24.139999,,103.9743275,12.87695369
2/1/1952,,,3.1,,26.3,,,23.26,,,
3/1/1952,,,2.9,,26.3,,,24.370001,,,
4/1/1952,,361,2.9,,26.4,,,23.32,,,
5/1/1952,,,3,,26.4,,,23.860001,,,
6/1/1952,,,3,,26.5,,,24.959999,,,
7/1/1952,,367.7,3.2,,26.7,,,25.4,,,
8/1/1952,,,3.4,,26.7,,,25.030001,,,
9/1/1952,,,3.1,,26.7,,,24.540001,,,
10/1/1952,,380.8,3,,26.7,,,24.52,,,
11/1/1952,,,2.8,,26.7,,,25.66,,,
12/1/1952,,,2.7,,26.7,,,26.57,,,
1/1/1953,,388,2.9,,26.6,,,26.379999,,114.7133093,14.26056016
2/1/1953,,,2.6,,26.5,,,25.9,,115.1461897,14.26056016
3/1/1953,,,2.6,,26.6,,,25.290001,,114.7133093,14.26056016
4/1/1953,,391.7,2.7,,26.6,,,24.620001,,114.9797746,14.29368573
5/1/1953,,,2.5,,26.7,,,24.540001,,114.6818724,14.31024852
6/1/1953,,,2.5,,26.8,,,24.139999,,114.2539549,14.31024852
7/1/1953,1,391.2,2.6,,26.8,,,24.75,,114.5184317,14.3433741
8/1/1953,1,,2.7,,26.9,,,23.32,,114.2244594,14.35993688
9/1/1953,1,,2.9,,26.9,,,23.35,,114.3562062,14.37649967
10/1/1953,1,386,3.1,,27,,,24.540001,,113.9326647,14.37649967
11/1/1953,1,,3.5,,26.9,,,24.76,,114.2244594,14.35993688
12/1/1953,1,,4.5,,26.9,,,24.809999,,114.2244594,14.35993688
1/1/1954,1,385.3,4.9,,26.9,,,26.08,,114.2244594,14.35993688
2/1/1954,1,,5.2,,26.9,,,26.15,,114.3562062,14.37649967
3/1/1954,1,,5.7,,26.9,,,26.940001,,114.3562062,14.37649967
4/1/1954,1,386.1,5.9,,26.8,,,28.26,,114.6506701,14.35993688
5/1/1954,1,,5.9,,26.9,,,29.190001,,114.2244594,14.35993688
6/1/1954,,,5.6,,26.9,,,29.209999,,114.3562062,14.37649967
7/1/1954,,391,5.8,,26.9,,,30.879999,,114.7514465,14.42618803
8/1/1954,,,6,,26.9,,,29.83,,115.0149401,14.45931361
9/1/1954,,,6.1,,26.8,,,32.310001,,115.708577,14.49243918
10/1/1954,,399.7,5.7,,26.8,,,31.68,,115.5763387,14.4758764
11/1/1954,,,5.3,,26.8,,,34.240002,,115.5763387,14.4758764
12/1/1954,,,5,,26.7,,,35.98,,116.1419425,14.49243918
1/1/1955,,413.1,4.9,,26.7,,,36.630001,,116.2746762,14.50900197
2/1/1955,,,4.7,,26.7,,,36.759998,,115.8764752,14.45931361
3/1/1955,,,4.6,,26.7,,,36.580002,,115.6110079,14.42618803
4/1/1955,,421.5,4.7,,26.7,,,37.959999,,114.9473397,14.3433741
5/1/1955,,,4.3,,26.7,,,37.91,,114.9473397,14.3433741
6/1/1955,,,4.2,,26.7,,,41.029999,,115.4782743,14.40962525
7/1/1955,,430.2,4,,26.8,,,43.52,,115.4441003,14.45931361
8/1/1955,,,4.2,,26.8,,,43.18,,116.1052922,14.54212755
9/1/1955,,,4.1,,26.9,,,43.669998,,115.9371675,14.57525312
10/1/1955,,437.1,4.3,,26.9,,,42.34,,115.8054208,14.55869034
11/1/1955,,,4.2,,26.9,,,45.509998,,115.5419272,14.52556476
12/1/1955,,,4.2,,26.8,,,45.48,,115.708577,14.49243918
1/1/1956,,439.7,4,,26.8,,,43.82,,115.4441003,14.45931361
2/1/1956,,,3.9,,26.8,,,45.34,,115.0473852,14.40962525
3/1/1956,,,4.2,,26.8,,,48.48,,114.6506701,14.35993688
4/1/1956,,446,4,,26.9,,,48.380001,,113.6974723,14.29368573
5/1/1956,,,4.3,,27,,,45.200001,,113.4076293,14.31024852
6/1/1956,,,4.3,,27.2,,,46.970001,,113.7463929,14.45931361
7/1/1956,,451.2,4.4,,27.4,,,49.389999,,113.8215258,14.57525312
8/1/1956,,,4.1,,27.3,,,47.509998,,115.017353,14.67462985
9/1/1956,,,3.9,,27.4,,,45.349998,,114.468239,14.65806706
10/1/1956,,460.5,3.9,,27.5,,,45.580002,,113.9231186,14.64150427
11/1/1956,,,4.3,,27.5,,,45.080002,,113.665374,14.6083787
12/1/1956,,,4.2,,27.6,,,46.669998,,113.3819483,14.62494149
1/1/1957,,469.8,4.2,,27.6,,,44.720001,,113.7671644,14.67462985
2/1/1957,,,3.9,,27.7,,,43.259998,,114.3799872,14.80713215
3/1/1957,,,3.7,,27.8,,,44.110001,,113.9685484,14.80713215
4/1/1957,,472,3.9,,27.9,,,45.740002,,114.322207,14.90650888
5/1/1957,,,4.1,,28,,,47.43,,114.2936265,14.95619724
6/1/1957,,,4.3,,28.1,,,47.369999,,113.5085258,14.90650888
7/1/1957,,479.5,4.2,,28.3,,,47.91,,112.7063454,14.90650888
8/1/1957,1,,4.1,,28.3,,,45.220001,,112.7063454,14.90650888
9/1/1957,1,,4.4,,28.3,,,42.419998,,113.0820332,14.95619724
10/1/1957,1,474.9,4.5,,28.3,,,41.060001,,113.7081796,15.03901118
11/1/1957,1,,5.1,,28.4,,,41.720001,,113.3077987,15.03901118
12/1/1957,1,,5.2,,28.4,,,39.990002,,113.1830104,15.02244839
1/1/1958,1,467.5,5.8,,28.6,,,41.700001,,112.5154365,15.03901118
2/1/1958,1,,6.4,,28.6,,,40.84,,112.5154365,15.03901118
3/1/1958,1,,6.7,,28.8,,,42.099998,,112.7185205,15.17151348
4/1/1958,1,472,7.4,,28.9,,,43.439999,,112.5737497,15.20463905
5/1/1958,,,7.4,,28.9,,,44.09,,112.8190084,15.23776463
6/1/1958,,,7.3,,28.9,,,45.240002,,112.2058616,15.15495069
7/1/1958,,485.8,7.5,,29,,,47.189999,,111.8189449,15.15495069
8/1/1958,,,7.4,,28.9,,,47.75,,112.0832323,15.1383879
9/1/1958,,,7.1,,28.9,,,50.060001,,111.7153442,15.08869954
10/1/1958,,499.6,6.7,,28.9,,,51.330002,,111.5927149,15.07213675
11/1/1958,,,6.2,,29,,,52.48,,111.4523254,15.10526233
12/1/1958,,,6.2,,28.9,,,55.209999,,111.9606029,15.12182512
1/1/1959,,510.3,6,,29,,,55.450001,,111.3301189,15.08869954
2/1/1959,,,5.9,,28.9,,,55.41,,111.5927149,15.07213675
3/1/1959,,,5.6,,28.9,,,55.439999,,111.5927149,15.07213675
4/1/1959,,522.7,5.2,,29,,,57.59,,111.2079124,15.07213675
5/1/1959,,,5.1,,29,,,58.68,,111.6967384,15.1383879
6/1/1959,,,5,,29.1,,,58.470001,,111.3129008,15.1383879
7/1/1959,,525,5.1,,29.2,,,60.509998,,110.5675838,15.08869954
8/1/1959,,,5.2,,29.2,,,59.599998,,110.4462144,15.07213675
9/1/1959,,,5.5,,29.3,,,56.880001,,110.3111753,15.10526233
10/1/1959,,528.6,5.7,,29.4,,,57.52,,110.5386863,15.18807627
11/1/1959,,,5.8,,29.4,,,58.279999,,110.6592302,15.20463905
12/1/1959,,,5.3,,29.4,,,59.889999,,110.1770549,15.1383879
1/1/1960,,542.6,5.2,,29.3,,,55.610001,,110.9159515,15.18807627
2/1/1960,,,4.8,,29.4,,,56.119999,,110.5386863,15.18807627
3/1/1960,,,5.4,,29.4,,,55.34,,110.5386863,15.18807627
4/1/1960,1,541.1,5.2,,29.5,,,54.369999,,110.1639789,15.18807627
5/1/1960,1,,5.1,,29.5,,,55.830002,,109.9237085,15.15495069
6/1/1960,1,,5.4,,29.6,,,56.919998,,109.312886,15.12182512
7/1/1960,1,545.6,5.5,,29.6,,,55.509998,,109.312886,15.12182512
8/1/1960,1,,5.6,,29.6,,,56.959999,,109.7918033,15.18807627
9/1/1960,1,,5.5,,29.6,,,53.52,,110.2707207,15.25432742
10/1/1960,1,540.2,6.1,,29.8,,,53.389999,,109.8874261,15.30401578
11/1/1960,1,,6.1,,29.8,,,55.540001,,109.5306487,15.25432742
12/1/1960,1,,6.6,,29.8,,,58.110001,,109.5306487,15.25432742
1/1/1961,1,545,6.6,,29.8,,,61.779999,,109.5306487,15.25432742
2/1/1961,1,,6.9,,29.8,,,63.439999,,109.2927972,15.22120184
3/1/1961,,,6.9,,29.8,,,65.059998,,109.5306487,15.25432742
4/1/1961,,555.5,7,,29.8,,,65.309998,,109.0549456,15.18807627
5/1/1961,,,7.1,,29.8,,,66.559998,,109.4117229,15.23776463
6/1/1961,,,6.9,,29.8,,,64.639999,,109.2927972,15.22120184
7/1/1961,,567.7,7,,30,,,66.760002,,108.9185774,15.2708902
8/1/1961,,,6.6,,29.9,,,68.07,,109.4013816,15.28745299
9/1/1961,,,6.7,,30,,,66.730003,,109.0367103,15.28745299
10/1/1961,,580.6,6.5,,30,,,68.620003,,109.0367103,15.28745299
11/1/1961,,,6.1,,30,,,71.32,,109.627375,15.37026693
12/1/1961,,,6,,30,,,71.550003,,109.8636409,15.4033925
1/1/1962,,594,5.8,,30,,,68.839996,,109.9817739,15.41995529
2/1/1962,,,5.5,,30.1,,,69.959999,,109.380905,15.38682972
3/1/1962,,,5.6,,30.1,,,69.550003,,109.380905,15.38682972
4/1/1962,,600.4,5.6,,30.2,,,65.239998,,109.0187165,15.38682972
5/1/1962,,,5.5,,30.2,,,59.630001,,109.6054696,15.46964366
6/1/1962,,,5.5,,30.2,,,54.75,,109.7228202,15.48620644
7/1/1962,,609,5.4,,30.3,,,58.23,,109.3606987,15.48620644
8/1/1962,,,5.7,,30.3,,,59.119999,,109.3606987,15.48620644
9/1/1962,,,5.6,,30.4,,,56.27,,108.884381,15.46964366
10/1/1962,,612.3,5.4,,30.4,,,56.52,,108.6512238,15.43651808
11/1/1962,,,5.7,,30.4,,,62.259998,,108.7678024,15.45308087
12/1/1962,,,5.5,,30.4,,,63.099998,,108.7678024,15.45308087
1/1/1963,,621.7,5.7,,30.4,,,66.199997,,108.884381,15.46964366
2/1/1963,,,5.9,,30.4,,,64.290001,,108.884381,15.46964366
3/1/1963,,,5.7,,30.5,,,66.57,,109.1083647,15.55245759
4/1/1963,,629.8,5.7,,30.5,,,69.800003,,109.5731501,15.61870874
5/1/1963,,,5.9,,30.5,,,70.800003,,109.3407574,15.58558317
6/1/1963,,,5.6,,30.6,,,69.370003,,108.9834347,15.58558317
7/1/1963,,644.4,5.6,,30.7,,,69.129997,,108.8593185,15.61870874
8/1/1963,,,5.4,,30.7,,,72.5,,108.8593185,15.61870874
9/1/1963,,,5.5,,30.7,,,71.699997,,108.8593185,15.61870874
10/1/1963,,653.9,5.5,,30.8,,,74.010002,,108.5058791,15.61870874
11/1/1963,,,5.7,,30.8,,,73.230003,,109.1962665,15.71808547
12/1/1963,,,5.5,,30.9,,,75.019997,,109.3016492,15.78433662
1/1/1964,,669.8,5.6,,30.9,,,77.040001,,109.3016492,15.78433662
2/1/1964,,,5.4,,30.9,,,77.800003,,109.6457258,15.83402498
3/1/1964,,,5.4,,30.9,,,78.980003,,109.6457258,15.83402498
4/1/1964,,678.7,5.3,,30.9,,,79.459999,,109.3016492,15.78433662
5/1/1964,,,5.1,,30.9,,,80.370003,,108.8428805,15.71808547
6/1/1964,,,5.2,,31,,,81.690002,,108.8347411,15.76777383
7/1/1964,,692,4.9,,31.1,,,83.18,,108.7126994,15.80089941
8/1/1964,,,5,,31,,,81.830002,,109.4063521,15.85058777
9/1/1964,,,5.1,,31.1,,,84.18,,109.396427,15.90027613
10/1/1964,,697.3,5.1,,31.1,,,84.860001,,109.6243362,15.93340171
11/1/1964,,,4.8,,31.2,,,84.419998,,109.6137443,15.98309007
12/1/1964,,,5,,31.2,,,84.75,,109.6137443,15.98309007
1/1/1965,,717.8,4.9,,31.2,,,87.559998,,110.2952805,16.0824668
2/1/1965,,,5.1,,31.2,,,87.43,,110.2952805,16.0824668
3/1/1965,,,4.7,,31.3,,,86.160004,,109.6032201,16.03277844
4/1/1965,,730.2,4.8,,31.4,,,89.110001,,109.0284335,15.99965286
5/1/1965,,,4.6,,31.4,,,88.419998,,108.9155676,15.98309007
6/1/1965,,,4.6,,31.6,,,84.120003,,108.2262286,15.98309007
7/1/1965,,749.3,4.4,,31.6,,,85.25,,108.4505316,16.01621565
8/1/1965,,,4.4,,31.6,,,87.169998,,108.4505316,16.01621565
9/1/1965,,,4.3,,31.6,,,89.959999,,108.4505316,16.01621565
10/1/1965,,771.9,4.2,,31.7,,,92.419998,,108.7792028,16.11559237
11/1/1965,,,4.1,,31.7,,,91.610001,,109.3381915,16.19840631
12/1/1965,,,4,,31.8,,,92.43,,109.3286993,16.24809467
1/1/1966,,795.7,4,,31.8,,,92.879997,,109.6630378,16.29778304
2/1/1966,,,3.8,,32,,,91.220001,,108.7561445,16.26465746
3/1/1966,,,3.8,,32.1,,,89.230003,,108.4173404,16.26465746
4/1/1966,,805,3.8,,32.3,,,91.059998,,107.8557466,16.28122025
5/1/1966,,,3.9,,32.3,,,86.129997,,108.0751886,16.31434583
6/1/1966,,,3.8,,32.4,,,84.739998,,107.9603879,16.3474714
7/1/1966,,819.6,3.8,,32.5,,,83.599998,,107.7372479,16.36403419
8/1/1966,,,3.8,,32.7,,,77.099998,,106.7531679,16.31434583
9/1/1966,,,3.7,,32.7,,,76.559998,,106.7531679,16.31434583
10/1/1966,,833.3,3.7,,32.9,,,80.199997,,106.5350925,16.38059698
11/1/1966,,,3.6,,32.9,,,80.449997,,106.5350925,16.38059698
12/1/1966,,,3.8,,32.9,,,80.330002,,106.9659726,16.44684813
1/1/1967,,844.2,3.9,,32.9,,,86.610001,,106.9659726,16.44684813
2/1/1967,,,3.8,,32.9,,,86.779999,,106.9659726,16.44684813
3/1/1967,,,3.8,,33,,,90.199997,,105.8900782,16.33090861
4/1/1967,,849,3.8,,33.1,,,94.010002,,105.9984451,16.39715976
5/1/1967,,,3.8,,33.2,,,89.080002,,106.3196525,16.49653649
6/1/1967,,,3.9,,33.3,,,90.639999,,106.2132264,16.52966206
7/1/1967,,865.2,3.8,,33.4,,,94.75,,105.8952228,16.52966206
8/1/1967,,,3.8,,33.5,,,93.639999,,106.2138618,16.62903879
9/1/1967,,,3.8,,33.6,,,96.709999,,105.8977491,16.62903879
10/1/1967,,881.4,4,,33.7,,,93.300003,,106.0041639,16.69528994
11/1/1967,,,3.9,,33.8,,,94,,106.0050973,16.7449783
12/1/1967,,,3.8,,33.9,,,96.470001,,106.2151101,16.82779224
1/1/1968,,909.4,3.7,1257,34.1,,,92.239998,,105.4882183,16.81122945
2/1/1968,,,3.8,1174,34.2,,,89.360001,,105.6979002,16.89404339
3/1/1968,,,3.7,1323,34.3,,,90.199997,,105.1830965,16.86091782
4/1/1968,,934.3,3.5,1328,34.4,,,97.459999,,104.8773316,16.86091782
5/1/1968,,,3.5,1367,34.5,,,98.68,,104.2651665,16.81122945
6/1/1968,,,3.7,1184,34.7,,,99.580002,,104.4812724,16.94373176
7/1/1968,,950.8,3.7,1370,34.9,,,97.739998,,104.2887136,17.00998291
8/1/1968,,,3.5,1279,35,,,98.860001,,104.2945163,17.05967127
9/1/1968,,,3.4,1397,35.1,,,102.669998,,103.9973809,17.05967127
10/1/1968,,968,3.4,1348,35.3,,,103.410004,,104.1109345,17.17561078
11/1/1968,,,3.4,1367,35.4,,,108.370003,,105.0181878,17.37436423
12/1/1968,,,3.4,1390,35.5,,,103.860001,,105.6208379,17.52342932
1/1/1969,,993.3,3.4,1257,35.6,,,103.010002,,105.8219013,17.60624326
2/1/1969,,,3.4,1414,35.8,,,98.129997,,105.725688,17.6890572
3/1/1969,,,3.4,1558,36.1,,,101.510002,,105.730624,17.83812229
4/1/1969,,1009,3.4,1318,36.3,,,103.690002,,105.2457166,17.85468508
5/1/1969,,,3.4,1430,36.4,,,103.459999,,105.4433916,17.93749901
6/1/1969,,,3.5,1455,36.6,,,97.709999,,105.1576891,17.98718738
7/1/1969,,1030,3.5,1432,36.8,,,91.830002,,105.5492202,18.15281525
8/1/1969,,,3.5,1393,37,,,95.510002,,105.6491682,18.26875477
9/1/1969,,,3.7,1367,37.1,,,93.120003,,106.1286019,18.40125707
10/1/1969,,1038.1,3.7,1406,37.3,,,97.120003,,106.4146656,18.55032216
11/1/1969,,,3.5,1404,37.5,,,93.809998,,106.3196525,18.63313609
12/1/1969,1,,3.5,1402,37.7,,,92.059998,,106.4136575,18.74907561
1/1/1970,1,1051.2,3.9,1434,37.8,,,85.019997,,107.1634593,18.93126627
2/1/1970,1,,4.2,1430,38,,,89.5,,107.3455439,19.06376857
3/1/1970,1,,4.4,1317,38.2,,,89.629997,,107.3401727,19.1631453
4/1/1970,1,1067.4,4.6,1354,38.5,,,81.519997,,106.964014,19.24595924
5/1/1970,1,,4.8,1334,38.6,,,76.550003,,107.5132237,19.39502433
6/1/1970,1,,4.9,1431,38.8,,,72.720001,,107.6897511,19.52752663
7/1/1970,1,1086.1,5,1384,39,,,78.050003,,107.4101105,19.57721499
8/1/1970,1,,5.1,1609,39,,,81.519997,,108.409697,19.75940565
9/1/1970,1,,5.4,1383,39.2,,,84.300003,,108.9414807,19.95815911
10/1/1970,1,1088.6,5.5,1437,39.4,,,83.25,,108.9281719,20.05753583
11/1/1970,1,,5.9,1457,39.6,,,87.199997,,109.0044922,20.17347535
12/1/1970,,,6.1,1437,39.8,,,92.150002,,109.0800455,20.28941486
1/1/1971,,1135.2,5.9,1471,39.8,,,95.879997,,109.3471803,20.33910322
2/1/1971,,,5.9,1448,39.9,,101.339996,96.75,,108.8066619,20.28941486
3/1/1971,,,6,1489,40,,105.970001,100.309998,,108.5346453,20.28941486
4/1/1971,,1156.3,5.9,1709,40.1,,112.300003,103.949997,,108.6175004,20.35566601
5/1/1971,,,5.9,1637,40.3,,108.25,99.629997,,108.8699171,20.5047311
6/1/1971,,,5.9,1637,40.6,,107.800003,98.699997,,109.2002342,20.72004734
7/1/1971,,1177.7,6,1699,40.7,,105.269997,95.580002,,109.1060808,20.75317291
8/1/1971,,,6.1,1896,40.8,,108.419998,99.029999,,109.1861137,20.81942406
9/1/1971,,,6,1804,40.8,,109.029999,98.339996,,109.4467011,20.86911243
10/1/1971,,1190.3,5.8,1815,40.9,,105.099998,94.230003,,109.5257056,20.93536358
11/1/1971,,,6,1844,40.9,,103.970001,93.989998,,110.3922064,21.10099145
12/1/1971,,,6,1895,41.1,,114.120003,102.089996,,110.1137034,21.15067982
1/1/1972,,1230.6,5.8,1942,41.1,,118.870003,103.940002,,110.4586171,21.21693097
2/1/1972,,,5.7,2061,41.3,,125.379997,106.57,,110.1811411,21.26661933
3/1/1972,,,5.8,1981,41.4,,128.139999,107.199997,,109.8293995,21.25005654
4/1/1972,,1266.4,5.7,1970,41.5,,131.330002,107.669998,,109.735545,21.28318212
5/1/1972,,,5.7,1896,41.6,,132.529999,109.529999,,109.8125257,21.34943327
6/1/1972,,,5.7,1936,41.7,,130.080002,107.139999,,110.2290882,21.48193557
7/1/1972,,1290.6,5.6,1930,41.9,,127.75,107.389999,,110.8025018,21.69725181
8/1/1972,,,5.6,2102,42,,129.949997,111.089996,,110.9605897,21.78006575
9/1/1972,,,5.5,2053,42.1,,129.610001,110.550003,,110.6128451,21.76350296
10/1/1972,,1328.9,5.6,1995,42.3,,130.240005,111.580002,,110.0060707,21.74694017
11/1/1972,,,5.3,1985,42.4,,132.960007,116.669998,,109.8302071,21.76350296
12/1/1972,,,5.2,2121,42.5,,133.729996,118.050003,,109.655171,21.78006575
1/1/1973,,1377.5,4.9,2162,42.6,,128.399994,116.029999,,109.1481879,21.73037738
2/1/1973,,,5,2124,42.9,,120.410004,111.68,,108.3849138,21.73037738
3/1/1973,,,4.9,2196,43.3,,117.459999,111.519997,,107.4655148,21.74694017
4/1/1973,,1413.9,5,2195,43.6,,107.849998,106.970001,,106.7260732,21.74694017
5/1/1973,,,4.9,2299,43.9,,102.639999,104.949997,,106.2389238,21.79662853
6/1/1973,,,4.9,2258,44.2,,100.980003,104.260002,,105.7583874,21.8463169
7/1/1973,,1433.8,4.8,2066,44.3,,108.639999,108.220001,,105.4396554,21.82975411
8/1/1973,,,4.8,2056,45.1,,104.870003,104.25,,104.512297,22.02850756
9/1/1973,,,4.8,2061,45.2,,111.199997,108.43,,104.6731092,22.1113215
10/1/1973,,1476.3,4.6,2052,45.6,,110.169998,108.290001,,104.5321145,22.27694938
11/1/1973,1,,4.8,1925,45.9,,93.510002,95.959999,,104.3121645,22.3763261
12/1/1973,1,,4.9,1869,46.2,,92.190002,97.550003,,104.3252002,22.52539119
1/1/1974,1,1491.2,5.1,1932,46.6,,94.93,96.57,,104.2662687,22.70758185
2/1/1974,1,,5.2,1938,47.2,,94.349998,96.220001,,103.7667795,22.88977252
3/1/1974,1,,5.1,1806,47.8,,92.269997,93.980003,,103.5763979,23.13821433
4/1/1974,1,1530.1,5.1,1830,48,,86.860001,90.309998,,103.513995,23.22102827
5/1/1974,1,,5.1,1715,48.6,,80.199997,87.279999,,102.7464955,23.33696778
6/1/1974,1,,5.4,1897,49,,75.959999,86,,102.4863589,23.46947009
7/1/1974,1,1560,5.5,1695,49.4,,69.989998,79.309998,,102.1586945,23.5854096
8/1/1974,1,,5.5,1634,50,,62.369999,72.150002,,101.8542271,23.80072584
9/1/1974,1,,5.9,1651,50.6,,55.669998,63.540001,,101.6270196,24.03260487
10/1/1974,1,1599.7,6,1630,51.1,,65.230003,73.900002,,101.4648739,24.23135832
11/1/1974,1,,6.6,1590,51.5,,62.950001,69.970001,,101.4337656,24.41354898
12/1/1974,1,,7.2,1540,51.9,,59.82,68.559998,,102.2225561,24.7944931
1/1/1975,1,1616.1,8.1,1588,52.1,,69.779999,76.980003,,103.76661,25.27
2/1/1975,1,,8.1,1346,52.5,,73,81.589996,,103.1471856,25.31
3/1/1975,1,,8.6,1293,52.7,,75.660004,83.360001,,103.0196487,25.37
4/1/1975,,1651.9,8.8,1278,52.9,,78.540001,87.300003,,102.8000444,25.42
5/1/1975,,,9,1349,53.2,,83.099998,91.150002,,102.5260205,25.49
6/1/1975,,,8.8,1234,53.6,,87.019997,95.190002,,101.6970285,25.48
7/1/1975,,1709.8,8.6,1276,54.2,,83.190002,88.75,,101.1120852,25.61
8/1/1975,,,8.4,1290,54.3,,79.010002,86.879997,,101.5248417,25.76
9/1/1975,,,8.4,1333,54.6,,74.330002,83.870003,,101.9859317,26.02
10/1/1975,,1761.8,8.4,1134,54.9,,76.989998,89.040001,,102.1808497,26.22
11/1/1975,,,8.3,1383,55.3,,78.800003,91.239998,,102.1614397,26.4
12/1/1975,,,8.2,1306,55.5,,77.620003,90.190002,,102.082443,26.48
1/1/1976,,1820.5,7.9,1258,55.6,,87.050003,100.860001,12.814,102.2721396,26.58
2/1/1976,,,7.7,1311,55.8,,90.260002,99.709999,13.34,102.1011395,26.63
3/1/1976,,,7.6,1347,55.9,,90.620003,102.769997,13.378,102.8141905,26.86
4/1/1976,,1852.3,7.7,1332,56.1,,90.080002,101.639999,13.223,103.4736537,27.13
5/1/1976,,,7.4,1440,56.5,,88.040001,100.18,12.962,103.952979,27.45
6/1/1976,,,7.6,1390,56.8,,90.32,104.279999,13.051,103.7241376,27.53
7/1/1976,,1886.6,7.8,1322,57.1,,91.290001,103.440002,13.466,104.0298226,27.76
8/1/1976,,,7.8,1374,57.4,,89.699997,102.910004,12.953,104.1608358,27.94
9/1/1976,,,7.6,1371,57.6,,91.260002,105.239998,13.61,104.5458427,28.14
10/1/1976,,1934.3,7.7,1388,57.9,,90.349998,102.900002,12.823,104.3441459,28.24
11/1/1976,,,7.8,1428,58,,91.120003,102.099998,13.332,104.7692692,28.4
12/1/1976,,,7.8,1457,58.2,,97.879997,107.459999,14.527,105.2768939,28.64
1/1/1977,,1988.6,7.5,1457,58.5,,95.540001,102.029999,14.396,105.6075348,28.87
2/1/1977,,,7.6,1655,59.1,,94.57,99.82,14.709,105.7627346,29.21
3/1/1977,,,7.4,1619,59.5,,94.129997,98.419998,15.17,106.5549295,29.63
4/1/1977,,2055.9,7.2,1548,60,,95.480003,98.440002,15.135,107.5463674,30.16
5/1/1977,,,7,1555,60.3,,95.589996,96.120003,14.984,108.3348914,30.53
6/1/1977,,,7.2,1636,60.7,,99.730003,100.480003,14.952,108.4352834,30.76
7/1/1977,,2118.5,6.9,1687,61,,100.650002,98.849998,14.641,109.0139529,31.08
8/1/1977,,,7,1673,61.2,,100.099998,96.769997,14.859,109.7590295,31.39
9/1/1977,,,6.8,1865,61.4,,100.849998,96.529999,14.65,110.8338026,31.8
10/1/1977,,2164.3,6.8,1675,61.6,,97.519997,92.339996,14.9,111.8633873,32.2
11/1/1977,,,6.8,1770,61.9,,103.150002,94.830002,14.799,112.4723368,32.54
12/1/1977,,,6.4,1634,62.1,,105.050003,95.099998,15.175,113.1231191,32.83
1/1/1978,,2202.8,6.4,1777,62.5,,100.839996,89.25,13.704,113.5323318,33.16
2/1/1978,,,6.3,1719,62.9,,101.470001,87.040001,14.363,114.0758136,33.53
3/1/1978,,,6.3,1785,63.4,,106.199997,89.209999,15.166,114.7522719,34
4/1/1978,,2331.6,6.1,1843,63.9,,115.18,96.830002,16.198,115.3478243,34.45
5/1/1978,,,6,1850,64.5,,120.239998,97.239998,16.298,115.8439562,34.92
6/1/1978,,,5.9,1905,65.2,,120.300003,95.529999,16.348,116.3264561,35.45
7/1/1978,,2395.1,6.2,1957,65.7,,126.32,100.68,15.528,117.0663233,35.95
8/1/1978,,,5.9,1976,66,,135.009995,103.290001,16.045,118.0709184,36.42
9/1/1978,,,6,1944,66.5,,132.889999,102.540001,14.641,118.4123049,36.8
10/1/1978,,2476.9,5.8,1885,67.1,,111.120003,93.150002,15.845,118.4919019,37.16
11/1/1978,,,5.9,1877,67.4,,114.690002,94.699997,15.484,119.2026123,37.55
12/1/1978,,,6,1844,67.7,,117.980003,96.110001,15.338,120.0808571,37.99
1/1/1979,,2526.6,5.9,1850,68.3,,125.82,99.93,15.061,120.6174565,38.5
2/1/1979,,,5.9,1845,69.1,,122.559998,96.279999,15.321,120.7197567,38.99
3/1/1979,,,5.8,1946,69.8,,131.759995,101.589996,15.275,121.0939713,39.5
4/1/1979,,2591.2,5.8,1866,70.6,,133.820007,101.760002,14.742,121.2765909,40.02
5/1/1979,,,5.6,2007,71.5,,131.419998,99.080002,14.374,121.3032066,40.53
6/1/1979,,,5.7,1853,72.3,,138.130005,102.910004,12.744,121.4792171,41.05
7/1/1979,,2667.6,5.7,1759,73.1,,141.330002,103.809998,14.112,121.4962373,41.51
8/1/1979,,,6,1779,73.8,,150.440002,109.32,14.344,121.5557675,41.93
9/1/1979,,,5.9,1983,74.6,,149.979996,109.32,14.292,121.2704562,42.28
10/1/1979,,2723.9,6,1832,75.2,,135.529999,101.82,13.112,121.3698921,42.66
11/1/1979,,,5.9,1892,75.9,,144.259995,106.160004,13.025,121.1131964,42.96
12/1/1979,,,6,1863,76.7,,151.139999,107.940002,13.496,120.572498,43.22
1/1/1980,1,2789.8,6.3,1794,77.8,,161.75,114.160004,14.439,119.4700601,43.44
2/1/1980,1,,6.3,1803,78.9,,158.029999,113.660004,13.276,118.4851443,43.69
3/1/1980,1,,6.3,1701,80.1,,131,102.089996,12.077,117.7064893,44.06
4/1/1980,1,2797.4,6.9,1751,81,,139.990005,106.290001,10.444,117.4896372,44.48
5/1/1980,1,,7.5,1532,81.8,,150.449997,111.239998,9.54,117.1645733,44.79
6/1/1980,1,,7.6,1480,82.7,,157.779999,114.239998,10.449,116.5932616,45.06
7/1/1980,1,2856.5,7.8,1472,82.7,,171.809998,121.669998,11.664,117.4030987,45.38
8/1/1980,,,7.7,1440,83.3,,181.520004,122.379997,11.154,117.2381644,45.64
9/1/1980,,,7.5,1267,84,,187.759995,125.459999,10.912,116.8266796,45.86
10/1/1980,,2985.6,7.5,1272,84.8,,192.779999,127.470001,11.412,116.2014384,46.05
11/1/1980,,,7.5,1313,85.5,,208.149994,140.520004,11.257,115.713064,46.24
12/1/1980,,,7.2,1378,86.3,,202.339996,135.759995,10.939,115.0941369,46.42
1/1/1981,,3124.2,7.5,1270,87,,197.809998,129.550003,11.282,114.5197948,46.56
2/1/1981,,,7.4,1395,87.9,,198.009995,131.270004,12.351,113.802447,46.75
3/1/1981,,,7.4,1377,88.5,,210.179993,136,12.427,113.7054637,47.03
4/1/1981,,3162.5,7.2,1469,89.1,,216.740005,132.809998,10.49,113.9459956,47.45
5/1/1981,,,7.5,1246,89.8,,223.470001,132.589996,10.354,113.8440899,47.78
6/1/1981,,,7.5,1350,90.6,,215.75,131.210007,10.415,113.5686194,48.09
7/1/1981,1,3260.6,7.2,1337,91.6,,211.630005,130.919998,10.428,112.9057667,48.33
8/1/1981,1,,7.4,1222,92.3,,195.75,122.790001,12.681,112.6244152,48.58
9/1/1981,1,,7.6,1221,93.2,,180.029999,116.18,11.08,111.7480583,48.67
10/1/1981,1,3280.8,7.9,1206,93.4,,195.240005,121.889999,9.418,111.6599705,48.74
11/1/1981,1,,8.3,1074,93.7,,201.369995,126.349998,9.494,111.3093187,48.74
12/1/1981,1,,8.5,1129,94,,195.839996,122.550003,9.055,111.0428522,48.78
1/1/1982,1,3274.3,8.6,1052,94.3,,188.389999,120.400002,10.285,110.7644668,48.82
2/1/1982,1,,8.9,935,94.6,,179.429993,113.110001,10.924,110.591893,48.89
3/1/1982,1,,9,965,94.5,,175.649994,111.959999,10.651,110.6477863,48.87
4/1/1982,1,3332,9.3,979,94.9,,184.699997,116.440002,9.747,110.3257121,48.93
5/1/1982,1,,9.4,1060,95.8,,178.539993,111.879997,11.103,109.4321957,49
6/1/1982,1,,9.6,930,97,,171.300003,109.610001,9.613,108.0695717,48.99
7/1/1982,1,3366.3,9.8,1006,97.5,,167.350006,107.089996,9.759,107.486839,48.98
8/1/1982,1,,9.8,985,97.7,,177.710007,119.510002,9.947,107.2186223,48.96
9/1/1982,1,,10.1,947,97.9,,187.649994,120.419998,11.129,107.036741,48.97
10/1/1982,1,3402.6,10.4,1059,98.2,,212.630005,133.720001,10.14,106.7119238,48.97
11/1/1982,1,,10.8,1079,98,,232.309998,138.529999,12.03,106.9362534,48.98
12/1/1982,,,10.8,1047,97.6,,232.410004,140.639999,11.249,107.5564814,49.06
1/1/1983,,3473.4,10.4,1187,97.8,,248.350006,145.300003,10.865,107.695339,49.22
2/1/1983,,,10.4,1135,97.9,,260.670013,148.059998,10.608,108.1448542,49.48
3/1/1983,,,10.3,1168,97.9,,270.799988,152.960007,11.023,108.5929078,49.69
4/1/1983,,3578.8,10.2,1197,98.6,,293.059998,164.429993,11.673,108.3775127,49.94
5/1/1983,,,10.1,1300,99.2,,308.730011,162.389999,12.028,108.2634069,50.19
6/1/1983,,,10.1,1344,99.5,,318.700012,167.639999,12.96,108.4660031,50.44
7/1/1983,,3689.2,9.4,1410,99.9,,303.959991,162.559998,12.917,108.6485637,50.73
8/1/1983,,,9.5,1711,100.2,,292.420013,164.399994,12.246,108.8037467,50.95
9/1/1983,,,9.2,1493,100.7,,296.649994,166.070007,12.451,108.55249,51.09
10/1/1983,,3794.7,8.8,1586,101,,274.549988,163.550003,13.311,108.4334371,51.18
11/1/1983,,,8.5,1462,101.2,,285.670013,166.399994,13.125,108.3671468,51.25
12/1/1983,,,8.3,1509,101.3,,278.600006,164.929993,14.503,108.5432145,51.39
1/1/1984,,3908.1,8,1595,101.9,,268.429993,163.410004,14.21,108.2190733,51.54
2/1/1984,,,7.8,1562,102.4,,252.570007,157.059998,14.381,108.03753,51.7
3/1/1984,,,7.8,1600,102.6,,250.779999,159.179993,14.21,108.3191101,51.94
4/1/1984,,4009.6,7.7,1683,103.1,,247.440002,160.050003,14.357,108.3977383,52.23
5/1/1984,,,7.4,1732,103.4,,232.820007,150.550003,14.856,108.7640611,52.56
6/1/1984,,,7.2,1714,103.7,,239.649994,153.179993,14.673,109.0746164,52.86
7/1/1984,,4084.3,7.5,1692,104.1,,229.699997,150.660004,14.758,109.2556947,53.15
8/1/1984,,,7.5,1685,104.5,,254.639999,166.679993,14.279,109.359626,53.41
9/1/1984,,,7.3,1642,105,,249.940002,166.100006,13.959,109.1608442,53.57
10/1/1984,,4148.6,7.4,1633,105.3,,247,166.089996,14.642,109.0510158,53.67
11/1/1984,,,7.2,1611,105.3,,242.399994,163.580002,14.774,109.0672721,53.67
12/1/1984,,,7.3,1629,105.3,,247.100006,167.240005,14.602,109.3029877,53.79
1/1/1985,,4230.2,7.3,1646,105.5,1286.77002,278.700012,179.630005,15.563,109.4709915,53.98
2/1/1985,,,7.2,1772,106,1284.01001,284.200012,181.179993,15.724,109.449179,54.22
3/1/1985,,,7.2,1715,106.4,1266.780029,279.200012,180.660004,15.358,109.6591223,54.53
4/1/1985,,4294.9,7.3,1630,106.9,1258.060059,280.600006,179.830002,15.521,109.8888174,54.9
5/1/1985,,,7.2,1665,107.3,1315.410034,290.799988,189.550003,15.561,110.3167121,55.32
6/1/1985,,,7.4,1791,107.6,1335.459961,296.200012,191.850006,15.093,110.8005989,55.72
7/1/1985,,4386.8,7.4,1693,107.8,1347.449951,301.299988,190.919998,15.498,111.3870097,56.12
8/1/1985,,,7.1,1685,108,1334.01001,297.700012,188.630005,16.91,111.9474739,56.5
9/1/1985,,,7.1,1806,108.3,1328.630005,280.299988,182.080002,19.104,112.3604919,56.87
10/1/1985,,4444.1,7.1,1565,108.7,1374.310059,292.5,189.820007,14.185,112.5808699,57.19
11/1/1985,,,7,1749,109,1472.130005,314,202.169998,14.622,112.8854504,57.51
12/1/1985,,,7,1732,109.3,1546.670044,324.899994,211.279999,15.711,113.1746552,57.81
1/1/1986,,4507.9,6.7,1723,109.6,1570.98999,335.799988,211.779999,16.06,113.5423214,58.16
2/1/1986,,,7.2,1753,109.3,1709.060059,359.5,226.919998,15.371,114.5274027,58.5
3/1/1986,,,7.2,1756,108.8,1818.609985,374.700012,238.899994,14.161,115.9210219,58.94
4/1/1986,,4545.3,7.1,1685,108.6,1783.97998,383.200012,235.520004,15.849,117.2043692,59.49
5/1/1986,,,7.2,1833,108.9,1876.709961,400.200012,247.350006,16.302,117.9936013,60.05
6/1/1986,,,7.2,1672,109.5,1892.719971,405.5,250.839996,15.92,118.5136532,60.65
7/1/1986,,4607.7,7,1722,109.5,1775.310059,371.399994,236.119995,15.742,119.6900159,61.25
8/1/1986,,,6.9,1763,109.7,1898.339966,382.899994,252.929993,17.285,120.507533,61.78
9/1/1986,,,7,1732,110.2,1767.579956,350.700012,231.320007,21.495,120.8519959,62.24
10/1/1986,,4657.6,7,1782,110.3,1877.709961,360.799988,243.979996,14.793,121.4194606,62.59
11/1/1986,,,6.9,1793,110.4,1914.22998,359.600006,249.220001,14.822,121.9161235,62.9
12/1/1986,,,6.6,1840,110.5,1895.949951,348.799988,242.169998,18.079,122.7023485,63.37
1/1/1987,,4722.2,6.6,1862,111.2,2158.040039,392.100006,274.079987,12.414,122.6746137,63.75
2/1/1987,,,6.6,1771,111.6,2223.98999,425,284.200012,15.109,123.0018478,64.15
3/1/1987,,,6.6,1694,112.1,2304.689941,430.100006,291.700012,15.299,123.0945685,64.49
4/1/1987,,4806.2,6.3,1735,112.7,2286.360107,417.799988,288.359985,15.452,123.3980254,64.99
5/1/1987,,,6.3,1713,113.1,2291.570068,416.5,290.100006,14.572,124.0494421,65.57
6/1/1987,,,6.2,1635,113.5,2418.530029,424.700012,304,15.619,124.8734785,66.24
7/1/1987,,4884.6,6.1,1685,113.8,2572.070068,434.899994,318.660004,15.655,125.60475,66.8
8/1/1987,,,6,1624,114.4,2662.949951,455,329.799988,17.092,125.8437724,67.28
9/1/1987,,,5.9,1587,115,2596.280029,444.299988,321.829987,16.119,125.8477213,67.64
10/1/1987,,5008,6,1577,115.3,1993.530029,323.299988,251.789993,14.258,126.0380434,67.92
11/1/1987,,,5.8,1578,115.4,1833.550049,305.200012,230.300003,14.543,126.2829743,68.11
12/1/1987,,,5.7,1632,115.4,1938.829956,330.5,247.080002,15.645,126.7483747,68.36
1/1/1988,,5073.4,5.7,1554,115.7,1958.219971,344.700012,257.070007,16.083,126.8580297,68.6
2/1/1988,,,5.7,1450,116,2071.620117,367,267.820007,16.513,127.1441985,68.93
3/1/1988,,,5.7,1600,116.5,1988.060059,374.600006,258.890015,16.182,127.346043,69.34
4/1/1988,,5190,5.4,1615,117.1,2032.329956,379.200012,261.329987,15.545,127.5395686,69.8
5/1/1988,,,5.6,1483,117.5,2031.119995,370.299988,262.160004,15.941,128.232619,70.42
6/1/1988,,,5.4,1512,118,2141.709961,394.700012,273.5,15.854,128.8842449,71.08
7/1/1988,,5282.8,5.4,1527,118.5,2128.72998,387.299988,272.019989,15.704,129.4563391,71.69
8/1/1988,,,5.6,1551,119,2031.650024,376.600006,261.519989,15.385,129.8114509,72.19
9/1/1988,,,5.4,1531,119.8,2112.909912,387.700012,271.910004,15.047,129.6393834,72.58
10/1/1988,,5399.5,5.4,1529,120.2,2148.649902,382.5,278.970001,15.162,129.6494461,72.83
11/1/1988,,,5.3,1407,120.3,2114.51001,371.5,273.700012,15.394,129.973889,73.07
12/1/1988,,,5.3,1547,120.5,2168.570068,381.399994,277.720001,16.437,130.134615,73.29
1/1/1989,,5511.3,5.4,1561,121.1,2342.320068,401.299988,297.470001,15.372,130.0853013,73.62
2/1/1989,,,5.2,1597,121.6,2258.389893,399.700012,288.859985,14.991,130.1662872,73.97
3/1/1989,,,5,1442,122.3,2293.620117,406.700012,294.869995,14.662,130.1945753,74.42
4/1/1989,,5612.5,5.2,1542,123.1,2418.800049,427.600006,309.640015,16.024,130.1445668,74.87
5/1/1989,,,5.2,1449,123.8,2480.149902,446.200012,320.519989,15.267,130.1501661,75.3
6/1/1989,,,5.3,1346,124.1,2440.060059,435.299988,317.980011,14.384,130.5252195,75.7
7/1/1989,,5695.4,5.2,1386,124.4,2660.659912,453.799988,346.079987,14.695,130.8055818,76.05
8/1/1989,,,5.2,1429,124.6,2737.27002,469.299988,351.450012,16.547,130.9923124,76.28
9/1/1989,,,5.3,1338,125,2692.820068,472.899994,349.149994,15.66,130.826481,76.43
10/1/1989,,5747.2,5.3,1333,125.6,2645.080078,455.600006,340.359985,13.581,130.3139517,76.49
11/1/1989,,,5.4,1475,125.9,2706.27002,456.100006,345.98999,13.37,130.0561199,76.52
12/1/1989,,,5.4,1304,126.1,2753.199951,454.799988,353.399994,13.55,129.8074241,76.5
1/1/1990,,5872.7,5.4,1508,127.4,2590.540039,415.799988,329.079987,16.308,128.5298855,76.53
2/1/1990,,,5.3,1352,128,2627.25,425.799988,331.890015,14.363,128.0277015,76.59
3/1/1990,,,5.2,1345,128.7,2707.209961,435.5,339.940002,14.486,127.6688601,76.79
4/1/1990,,5960,5.4,1332,128.9,2656.76001,420.100006,330.799988,14.281,127.8874283,77.04
5/1/1990,,,5.4,1351,129.2,2876.659912,459,361.230011,14.022,128.0177595,77.3
6/1/1990,,,5.2,1263,129.9,2880.689941,462.299988,358.019989,14.149,127.6655811,77.5
7/1/1990,1,6015.1,5.5,1295,130.4,2905.199951,438.200012,356.149994,14.081,127.2613924,77.56
8/1/1990,1,,5.7,1307,131.6,2614.360107,381.200012,322.559998,13.859,125.9660017,77.47
9/1/1990,1,,5.9,1312,132.7,2452.47998,344.5,306.049988,14.298,124.5170958,77.22
10/1/1990,1,6004.7,5.9,1282,133.5,2442.330078,329.799988,304,13.749,123.2644432,76.91
11/1/1990,1,,6.2,1248,133.8,2559.649902,359.100006,322.220001,13.134,122.1372911,76.37
12/1/1990,1,,6.3,1173,133.8,2633.659912,373.799988,330.220001,12.958,121.4832184,75.97
1/1/1991,1,6035.2,6.4,1149,134.6,2736.389893,414.200012,343.929993,11.829,120.0648921,75.53
2/1/1991,1,,6.6,1090,134.8,2882.179932,453.100006,367.070007,12.409,119.4423001,75.25
3/1/1991,1,,6.8,1176,135,2913.860107,482.299988,375.220001,12.848,119.0973401,75.14
4/1/1991,,6126.9,6.7,1093,135.2,2887.870117,484.720001,375.339996,12.038,119.1917921,75.31
5/1/1991,,,6.9,1070,135.6,3027.5,506.109985,389.829987,12.487,119.5613269,75.77
6/1/1991,,,6.9,1093,136,2906.75,475.920013,371.160004,12.719,119.9695945,76.25
7/1/1991,,6205.9,6.8,1076,136.2,3024.820068,502.040009,387.809998,12.972,120.1971799,76.51
8/1/1991,,,6.9,1050,136.6,3043.600098,525.679993,395.429993,12.565,119.9658259,76.59
9/1/1991,,,6.9,1216,137.2,3016.77002,526.880005,387.859985,13.107,119.4178005,76.57
10/1/1991,,6264.5,7,1076,137.4,3069.100098,542.97998,392.450012,12.217,118.8017024,76.29
11/1/1991,,,7,1013,137.8,2894.679932,523.900024,375.220001,12.576,118.0608912,76.03
12/1/1991,,,7.3,1002,137.9,3168.830078,586.340027,417.089996,12.658,117.6664989,75.83
1/1/1992,,6363.1,7.3,1061,138.1,3223.399902,620.210022,408.779999,12.591,117.2822732,75.7
2/1/1992,,,7.4,1098,138.6,3267.699951,633.469971,412.700012,12.927,116.791249,75.65
3/1/1992,,,7.4,1128,139.3,3235.5,603.77002,403.690002,12.824,116.4485916,75.81
4/1/1992,,6470.8,7.4,1083,139.5,3359.100098,578.679993,414.950012,12.55,116.6911799,76.08
5/1/1992,,,7.6,1187,139.7,3396.899902,585.309998,415.350006,13.098,117.0127198,76.4
6/1/1992,,,7.8,1189,140.2,3318.5,563.599976,408.140015,13.543,116.908284,76.6
7/1/1992,,6566.6,7.7,1251,140.5,3393.800049,580.830017,424.209991,12.853,116.8246581,76.71
8/1/1992,,,7.6,1140,140.9,3257.399902,563.119995,414.029999,12.873,116.5248964,76.73
9/1/1992,,,7.6,1123,141.3,3271.699951,583.27002,417.799988,13.378,116.0405708,76.63
10/1/1992,,6680.8,7.3,1139,141.8,3226.300049,605.169983,418.679993,13.655,115.5876406,76.6
11/1/1992,,,7.4,1224,142,3305.199951,652.72998,431.350006,13.218,115.3977178,76.58
12/1/1992,,,7.4,1199,141.9,3301.110107,676.950012,435.709991,13.784,115.305631,76.47
1/1/1993,,6729.5,7.3,1135,142.6,3310,696.340027,438.779999,13.457,114.6360793,76.4
2/1/1993,,,7.1,1236,143.1,3370.810059,670.77002,443.380005,12.969,114.1338557,76.33
3/1/1993,,,7,1105,143.6,3435.110107,690.130005,451.670013,13.326,113.8184071,76.39
4/1/1993,,6808.9,7.1,1216,144,3427.550049,661.419983,440.190002,14.527,113.9138456,76.66
5/1/1993,,,7.1,1111,144.2,3527.429932,700.530029,450.190002,14.519,114.3033965,77.03
6/1/1993,,,7,1193,144.4,3516.080078,703.950012,450.529999,14.49,114.8652398,77.52
7/1/1993,,6882.1,6.9,1090,144.4,3539.469971,704.700012,448.130005,14.451,115.4105448,77.89
8/1/1993,,,6.8,1264,144.8,3651.25,742.840027,463.559998,13.584,115.4552487,78.13
9/1/1993,,,6.7,1172,145.1,3555.120117,762.780029,458.929993,13.99,115.3182919,78.2
10/1/1993,,7013.7,6.8,1246,145.7,3680.590088,779.26001,467.829987,14.911,114.8081592,78.18
11/1/1993,,,6.6,1235,145.8,3683.949951,754.390015,461.790009,14.882,114.7294156,78.18
12/1/1993,,,6.5,1289,145.8,3754.090088,776.799988,466.450012,15.004,114.6457637,78.12
1/1/1994,,7115.7,6.6,1228,146.2,3978.360107,800.469971,481.609985,15.379,114.4564982,78.2
2/1/1994,,,6.6,1353,146.7,3832.02002,792.5,467.140015,15.52,114.0751457,78.21
3/1/1994,,,6.5,1257,147.2,3635.959961,743.460022,445.769989,15.301,113.8984372,78.36
4/1/1994,,7246.9,6.4,1374,147.4,3681.689941,733.840027,450.910004,16.013,114.2577773,78.71
5/1/1994,,,6.1,1430,147.5,3758.370117,735.190002,456.5,14.577,114.9187024,79.22
6/1/1994,,,6.1,1336,148,3624.959961,705.960022,444.269989,15.109,115.241779,79.71
7/1/1994,,7331.1,6.1,1281,148.4,3764.5,722.159973,458.26001,14.875,115.4531098,80.07
8/1/1994,,,6,1348,149,3913.419922,765.619995,475.48999,15.359,115.3515212,80.33
9/1/1994,,,5.9,1414,149.4,3843.189941,764.289978,462.709991,15.274,115.0741905,80.35
10/1/1994,,7455.3,5.8,1378,149.5,3908.120117,777.48999,472.350006,15.894,114.9442613,80.31
11/1/1994,,,5.6,1365,149.7,3739.22998,750.320007,453.690002,15.89,114.5977335,80.18
12/1/1994,,,5.5,1386,149.7,3834.439941,751.960022,459.269989,15.584,114.4690925,80.09
1/1/1995,,7522.3,5.6,1423,150.3,3843.860107,755.200012,470.420013,14.801,113.9423717,80.04
2/1/1995,,,5.4,1294,150.9,4011.050049,793.72998,487.390015,14.861,113.4453632,80.01
3/1/1995,,,5.4,1413,151.4,4157.689941,817.210022,500.709991,15.256,113.1964921,80.09
4/1/1995,,7581,5.8,1342,151.9,4321.27002,843.97998,514.710022,14.378,113.2366226,80.39
5/1/1995,,,5.6,1326,152.2,4465.140137,864.580017,533.400024,14.806,113.4661121,80.71
6/1/1995,,,5.6,1242,152.5,4556.100098,933.450012,544.75,15.407,113.7704662,81.09
7/1/1995,,7683.1,5.7,1352,152.5,4708.470215,1001.210022,562.059998,14.7,114.2517299,81.43
8/1/1995,,,5.7,1265,152.9,4610.560059,1020.109985,561.880005,15.368,114.2928989,81.67
9/1/1995,,,5.6,1279,153.2,4789.080078,1043.540039,584.409973,15.338,114.1878064,81.76
10/1/1995,,7772.6,5.5,1335,153.7,4755.47998,1036.060059,581.5,14.861,113.8010295,81.75
11/1/1995,,,5.6,1360,153.6,5074.490234,1059.199951,605.369995,15.38,113.7427787,81.65
12/1/1995,,,5.6,1200,153.5,5117.120117,1052.130005,615.929993,16.262,113.6537848,81.53
1/1/1996,,7868.5,5.6,1402,154.4,5395.299805,1059.790039,636.02002,14.812,112.8734992,81.45
2/1/1996,,,5.5,1317,154.9,5485.620117,1100.050049,640.429993,15.587,112.4718593,81.42
3/1/1996,,,5.5,1369,155.7,5587.140137,1101.400024,645.5,16.044,112.2595235,81.69
4/1/1996,,8032.8,5.6,1327,156.3,5569.080078,1190.52002,654.169983,15.466,112.4555816,82.15
5/1/1996,,,5.6,1423,156.6,5643.180176,1243.430054,669.119995,15.993,112.8932725,82.62
6/1/1996,,,5.3,1437,156.7,5654.629883,1185.02002,670.630005,15.256,113.4343352,83.07
7/1/1996,,8131.4,5.5,1453,157,5528.910156,1080.589966,639.950012,15.074,113.7245749,83.44
8/1/1996,,,5.1,1468,157.3,5616.209961,1141.5,651.98999,15.486,113.8178264,83.67
9/1/1996,,,5.2,1379,157.8,5882.169922,1226.920044,687.330017,15.534,113.5331215,83.73
10/1/1996,,8259.8,5.2,1392,158.3,6029.379883,1221.51001,705.27002,15.308,113.0758468,83.66
11/1/1996,,,5.4,1413,158.6,6521.700195,1292.609985,757.02002,15.712,112.762122,83.58
12/1/1996,,,5.4,1487,158.6,6448.27002,1291.030029,740.73999,15.183,112.6730791,83.52
1/1/1997,,8362.7,5.3,1377,159.1,6813.089844,1379.849976,786.159973,15.682,112.3714349,83.55
2/1/1997,,,5.2,1545,159.6,6877.740234,1309,790.820007,15.271,112.1065384,83.62
3/1/1997,,,5.2,1445,160,6583.47998,1221.699951,757.119995,15.816,112.2488686,83.94
4/1/1997,,8518.8,5.1,1438,160.2,7009,1260.76001,801.340027,15.058,112.6616965,84.35
5/1/1997,,,4.9,1400,160.1,7331,1400.319946,848.280029,15.088,113.4631291,84.9
6/1/1997,,,5,1315,160.3,7672.799805,1442.069946,885.140015,14.524,114.033029,85.43
7/1/1997,,8662.8,4.9,1313,160.5,8222.599609,1593.810059,954.309998,15.568,114.4801906,85.87
8/1/1997,,,4.8,1332,160.8,7622.399902,1587.319946,899.469971,16.148,114.6777875,86.18
9/1/1997,,,4.9,1442,161.2,7945.299805,1685.689941,947.280029,15.096,114.6056074,86.34
10/1/1997,,8765.9,4.7,1396,161.6,7442.100098,1593.609985,914.619995,15.431,114.4503668,86.44
11/1/1997,,,4.6,1420,161.5,7823.100098,1600.550049,955.400024,15.825,114.8166888,86.66
12/1/1997,,,4.7,1428,161.3,7908.299805,1570.349976,970.429993,16.474,115.2469149,86.88
1/1/1998,,8866.5,4.6,1316,161.6,7906.5,1619.359985,980.280029,14.789,115.4513789,87.19
2/1/1998,,,4.6,1441,161.9,8545.719727,1770.51001,1049.339966,15.232,115.5163133,87.4
3/1/1998,,,4.7,1477,162.2,8799.80957,1835.680054,1101.75,15.405,115.9662115,87.91
4/1/1998,,8969.7,4.3,1498,162.5,9063.370117,1868.410034,1111.75,15.923,116.6475145,88.59
5/1/1998,,,4.4,1465,162.8,8899.950195,1778.869995,1090.819946,17.057,117.5050555,89.4
6/1/1998,,,4.5,1467,163,8952.019531,1894.73999,1133.839966,16.771,118.4373058,90.22
7/1/1998,,9121.1,4.5,1552,163.2,8883.290039,1872.390015,1120.670044,14.668,119.1627382,90.89
8/1/1998,,,4.5,1521,163.4,7539.069824,1499.25,957.280029,14.796,119.7344924,91.44
9/1/1998,,,4.6,1452,163.6,7842.620117,1693.839966,1017.01001,16.313,120.0380363,91.78
10/1/1998,,9294,4.5,1452,164,8592.099609,1771.390015,1098.670044,17.131,120.0675248,92.03
11/1/1998,,,4.4,1604,164,9116.549805,1949.540039,1163.630005,16.118,120.3245532,92.22
12/1/1998,,,4.4,1433,163.9,9181.429688,2192.689941,1229.22998,17.409,120.7204274,92.47
1/1/1999,,9417.3,4.3,1599,164.3,9358.830078,2505.889893,1279.640015,16.593,120.7781542,92.74
2/1/1999,,,4.4,1459,164.5,9306.580078,2288.030029,1238.329956,17.097,120.9786111,93.01
3/1/1999,,,4.2,1673,165,9786.160156,2461.399902,1286.369995,16.832,121.4302936,93.64
4/1/1999,,9524.2,4.3,1580,166.2,10789.04004,2542.860107,1335.180054,16.929,121.6182555,94.47
5/1/1999,,,4.2,1623,166.2,10559.74023,2470.52002,1301.839966,17.564,122.8091398,95.39
6/1/1999,,,4.3,1648,166.2,10970.79981,2686.120117,1372.709961,17.346,124.1004447,96.39
7/1/1999,,9681.9,4.3,1597,166.7,10655.15039,2638.48999,1328.719971,17.688,124.7910228,97.22
8/1/1999,,,4.2,1563,167.1,10829.28027,2739.350098,1320.410034,17.641,125.3950594,97.93
9/1/1999,,,4.2,1643,167.9,10336.9502,2746.159912,1282.709961,17.662,125.4398856,98.43
10/1/1999,,9899.4,4.1,1593,168.2,10729.86035,2966.429932,1362.930054,17.684,125.7695304,98.87
11/1/1999,,,4.1,1596,168.3,10877.80957,3336.159912,1388.910034,17.62,126.1003707,99.18
12/1/1999,,,4,1659,168.3,11497.12012,4069.310059,1469.25,18.322,126.6012937,99.58
1/1/2000,,10002.9,4,1574,168.8,10940.53027,3940.350098,1394.459961,18.635,126.7612222,100
2/1/2000,,,4.1,1677,169.8,10128.30957,4696.689941,1366.420044,19.401,126.7329734,100.57
3/1/2000,,,4,1704,171.2,10921.91992,4572.830078,1498.579956,18.343,126.816464,101.47
4/1/2000,,10247.7,3.8,1610,171.3,10733.91016,3860.659912,1452.430054,17.939,128.085228,102.54
5/1/2000,,,4,1682,171.5,10522.33008,3400.909912,1420.599976,17.943,129.3843857,103.7
6/1/2000,,,4,1530,172.4,10447.88965,3966.110107,1454.599976,17.596,130.1412234,104.86
7/1/2000,,10319.8,4,1495,172.8,10521.98047,3766.98999,1430.829956,17.316,130.9123119,105.72
8/1/2000,,,4.1,1573,172.8,11215.09961,4206.350098,1517.680054,17.531,131.9029273,106.52
9/1/2000,,,3.9,1528,173.7,10650.91992,3672.820068,1436.51001,18.654,131.9746186,107.14
10/1/2000,,10439,3.9,1513,174,10971.13965,3369.629883,1429.400024,17.514,132.4763058,107.73
11/1/2000,,,3.9,1539,174.1,10414.49023,2597.929932,1314.949951,16.634,133.0921538,108.29
12/1/2000,,,3.9,1521,174,10787.99023,2470.52002,1320.280029,16.222,133.7847381,108.79
1/1/2001,,10472.9,4.2,1456,175.1,10887.36035,2772.72998,1366.01001,17.652,133.4611935,109.22
2/1/2001,,,4.2,1536,175.8,10495.28027,2151.830078,1239.939941,17.826,133.4507133,109.64
3/1/2001,1,,4.3,1470,176.2,9878.780273,1840.26001,1160.329956,17.248,134.0609708,110.4
4/1/2001,1,10597.8,4.4,1574,176.9,10734.96973,2116.23999,1249.459961,16.872,134.5622497,111.25
5/1/2001,1,,4.3,1497,177.7,10911.94043,2110.48999,1255.819946,16.876,135.1063935,112.2
6/1/2001,1,,4.5,1654,178,10502.40039,2160.540039,1224.380005,17.464,136.1661301,113.27
7/1/2001,1,10596.3,4.6,1582,177.5,10522.80957,2027.130005,1211.22998,16.463,137.7009314,114.23
8/1/2001,1,,4.9,1615,177.5,9949.75,1805.430054,1133.579956,16.348,138.6195082,114.99
9/1/2001,1,,5,1551,178.3,8847.55957,1498.800049,1040.939941,16.365,138.5687819,115.47
10/1/2001,1,10660.3,5.3,1599,177.7,9075.139648,1690.199951,1059.780029,22.055,139.2955431,115.68
11/1/2001,1,,5.5,1555,177.4,9851.55957,1930.579956,1139.449951,18.031,139.7204721,115.84
12/1/2001,,,5.7,1693,176.7,10021.57031,1950.400024,1148.079956,16.465,140.5367509,116.06
1/1/2002,,10789,5.7,1632,177.1,9920,1934.030029,1130.199951,16.523,140.680867,116.44
2/1/2002,,,5.7,1671,177.8,10106.12988,1731.48999,1106.72998,17.304,140.7046601,116.92
3/1/2002,,,5.7,1559,178.8,10403.94043,1845.349976,1147.390015,17.109,141.131192,117.93
4/1/2002,,10893.2,5.9,1625,179.8,9946.219727,1688.22998,1076.920044,17.667,141.8695355,119.21
5/1/2002,,,5.8,1705,179.8,9925.25,1615.72998,1067.140015,16.198,143.7486417,120.79
6/1/2002,,,5.8,1589,179.9,9243.259766,1463.209961,989.820007,16.953,145.5051695,122.34
7/1/2002,,10992.1,5.8,1615,180.1,8736.589844,1328.26001,911.619995,18.144,146.949869,123.69
8/1/2002,,,5.7,1722,180.7,8663.5,1314.849976,916.070007,18.449,147.6958009,124.73
9/1/2002,,,5.7,1641,181,7591.930176,1172.060059,815.280029,16.665,148.3541798,125.49
10/1/2002,,11071.5,5.7,1601,181.3,8397.030273,1329.75,885.76001,16.26,148.8663937,126.14
11/1/2002,,,5.9,1718,181.3,8896.089844,1478.780029,936.309998,16.52,149.4635824,126.64
12/1/2002,,,6,1671,180.9,8341.629883,1335.51001,879.820007,17.866,150.3961289,127.15
1/1/2003,,11183.5,5.8,1654,181.7,8053.810059,1320.910034,855.700012,16.706,150.3251191,127.65
2/1/2003,,,5.9,1688,183.1,7891.080078,1337.52002,841.150024,16.114,149.9645323,128.33
3/1/2003,,,5.9,1638,184.2,7992.129883,1341.170044,848.179993,16.466,150.2108647,129.31
4/1/2003,,11312.9,6,1662,183.8,8480.089844,1464.310059,916.919983,16.754,151.9114763,130.49
5/1/2003,,,6.1,1733,183.5,8850.259766,1595.910034,963.590027,16.471,153.7351869,131.84
6/1/2003,,,6.3,1641,183.7,8985.44043,1622.800049,974.5,17.014,155.1798876,133.23
7/1/2003,,11567.3,6.2,1680,183.9,9233.799805,1735.02002,990.309998,17.113,156.6644964,134.65
8/1/2003,,,6.1,1570,184.6,9415.820313,1810.449951,1008.01001,18.262,157.5981432,135.96
9/1/2003,,,6.1,1719,185.2,9275.05957,1786.939941,995.969971,17.287,158.372328,137.08
10/1/2003,,11769.3,6,1728,185,9801.120117,1932.209961,1050.709961,16.49,159.586804,137.98
11/1/2003,,,5.8,1692,184.5,9782.459961,1960.26001,1058.199951,17.563,160.9366468,138.77
12/1/2003,,,5.7,1716,184.3,10453.91992,2003.369995,1111.920044,17.357,162.1144002,139.63
1/1/2004,,11920.2,5.7,1709,185.2,10488.07031,2066.149902,1131.130005,16.694,162.5720669,140.71
2/1/2004,,,5.6,1718,186.2,10583.91992,2029.819946,1144.939941,17.032,163.2204456,142.04
3/1/2004,,,5.8,1794,187.4,10357.7002,1994.219971,1126.209961,17.246,164.5159632,144.09
4/1/2004,,12109,5.6,1938,188,10225.57031,1920.150024,1107.300049,16.9,166.3776211,146.18
5/1/2004,,,5.6,1893,189.1,10188.4502,1986.73999,1120.680054,18.187,167.845989,148.34
6/1/2004,,,5.6,1857,189.7,10435.48047,2047.790039,1140.839966,16.174,169.7774352,150.52
7/1/2004,,12303.3,5.5,1881,189.4,10139.70996,1887.359985,1101.719971,17.304,172.1013529,152.34
8/1/2004,,,5.4,1911,189.5,10173.91992,1838.099976,1104.23999,17.158,173.6782811,153.81
9/1/2004,,,5.4,1796,189.9,10080.26953,1896.839966,1114.579956,17.876,174.7704858,155.11
10/1/2004,,12522.4,5.5,1839,190.9,10027.46973,1974.98999,1130.199951,17.514,175.1910477,156.3
11/1/2004,,,5.4,1758,191,10428.01953,2096.810059,1173.819946,17.362,176.4414167,157.5
12/1/2004,,,5.4,1921,190.3,10783.00977,2175.439941,1211.920044,18.102,178.4127313,158.67
1/1/2005,,12761.3,5.3,1892,190.7,10489.94043,2062.409912,1181.27002,16.888,179.6789261,160.14
2/1/2005,,,5.4,1908,191.8,10766.23047,2051.719971,1203.599976,16.887,180.6520679,161.93
3/1/2005,,,5.2,1787,193.3,10503.75977,1999.22998,1180.589966,17.417,182.1836261,164.58
4/1/2005,,12910,5.2,1927,194.6,10192.50977,1921.650024,1156.849976,17.754,183.6252903,167
5/1/2005,,,5.1,2103,194.4,10467.48047,2068.219971,1191.5,17.414,186.6121436,169.54
6/1/2005,,,5,1965,194.5,10274.96973,2056.959961,1191.329956,18.483,189.2345905,172.01
7/1/2005,,13142.9,5,1886,195.4,10640.91016,2184.830078,1234.180054,21.129,190.643979,174.1
8/1/2005,,,4.9,1952,196.4,10481.59961,2152.090088,1220.329956,17.419,191.6626685,175.92
9/1/2005,,,5,1922,198.8,10568.7002,2151.689941,1228.810059,16.928,191.1678188,177.61
10/1/2005,,13332.3,5,1962,199.2,10440.07031,2120.300049,1207.01001,15.336,192.0117141,178.76
11/1/2005,,,5,1907,197.6,10805.87012,2232.820068,1249.47998,16.524,194.5670265,179.68
12/1/2005,,,4.9,1941,196.8,10717.5,2205.320068,1248.290039,17.174,195.8298206,180.11
1/1/2006,,13603.9,4.7,2036,198.3,10864.86035,2305.820068,1280.079956,18.081,195.1254121,180.83
2/1/2006,,,4.8,2048,198.7,10993.41016,2281.389893,1280.660034,17.072,195.4562609,181.51
3/1/2006,,,4.7,2245,199.8,11109.32031,2339.790039,1294.869995,16.959,195.716703,182.75
4/1/2006,,13749.8,4.7,2071,201.5,11367.13965,2322.570068,1310.609985,17.129,195.0190817,183.65
5/1/2006,,,4.6,1897,202.5,11168.30957,2178.879883,1270.089966,16.729,194.8294971,184.38
6/1/2006,,,4.6,2050,202.9,11150.21973,2172.090088,1270.199951,16.901,194.6236303,184.55
7/1/2006,,13867.5,4.7,1934,203.5,11185.67969,2091.469971,1276.660034,17.655,194.1160437,184.62
8/1/2006,,,4.7,1877,203.9,11381.15039,2183.75,1303.819946,16.459,193.5232582,184.41
9/1/2006,,,4.5,2011,202.9,11679.07031,2258.429932,1335.849976,16.975,194.2598025,184.21
10/1/2006,,14037.2,4.4,1918,201.8,12080.73047,2366.709961,1377.939941,16.866,195.166015,184.06
11/1/2006,,,4.5,1893,201.5,12221.92969,2431.77002,1400.630005,16.657,195.0063389,183.64
12/1/2006,,,4.4,1888,201.8,12463.15039,2415.290039,1418.300049,17.107,194.2891288,183.24
1/1/2007,,14208.6,4.6,1822,202.416,12621.69043,2463.929932,1438.23999,16.896,193.1555711,182.72
2/1/2007,,,4.5,1640,203.499,12268.62988,2416.149902,1406.819946,17.169,191.8668534,182.48
3/1/2007,,,4.4,1623,205.352,12354.34961,2421.639893,1420.859985,16.436,189.8469082,182.2
4/1/2007,,14382.4,4.5,1539,206.686,13062.91016,2525.090088,1482.369995,16.617,188.558441,182.14
5/1/2007,,,4.4,1536,207.949,13627.63965,2604.52002,1530.619995,16.661,187.1611143,181.89
6/1/2007,,,4.6,1481,208.352,13408.62012,2603.22998,1503.349976,16.179,186.4458218,181.55
7/1/2007,,14535,4.7,1534,208.299,13211.99023,2546.27002,1455.27002,15.834,185.9323888,181
8/1/2007,,,4.6,1512,207.917,13357.74023,2596.360107,1473.98999,16.38,185.4928899,180.24
9/1/2007,,,4.7,1356,208.49,13895.62988,2701.5,1526.75,16.533,183.8418498,179.13
10/1/2007,,14681.5,4.7,1405,208.936,13930.00977,2859.120117,1549.380005,16.456,181.8200612,177.54
11/1/2007,,,4.7,1390,210.177,13371.71973,2660.959961,1481.140015,16.354,178.3367465,175.17
12/1/2007,1,,5,1328,210.036,13264.82031,2652.280029,1468.359985,16.03,176.5962395,173.35
1/1/2008,1,14651,5,1331,211.08,12650.36035,2389.860107,1378.550049,15.706,173.4287805,171.08
2/1/2008,1,,4.9,1274,211.693,12266.38965,2271.47998,1330.630005,15.492,171.0182485,169.2
3/1/2008,1,,5.1,1195,213.528,12262.88965,2279.100098,1322.699951,15.116,168.2578815,167.91
4/1/2008,1,14805.6,5,1022,214.823,12820.12988,2412.800049,1385.589966,14.602,166.6658813,167.33
5/1/2008,1,,5.4,1142,216.632,12638.32031,2522.659912,1400.380005,14.697,164.9768214,167.03
6/1/2008,1,,5.6,1142,218.815,11350.00977,2292.97998,1280,14.377,162.8615577,166.55
7/1/2008,1,14835.2,5.8,1087,219.964,11378.01953,2325.550049,1267.380005,13.003,161.2121982,165.73
8/1/2008,1,,6.1,1017,219.086,11543.95996,2367.52002,1282.829956,14.119,160.4567558,164.29
9/1/2008,1,,6.1,1160,218.783,10850.66016,2091.879883,1166.359985,12.962,158.3630395,161.92
10/1/2008,1,14559.5,6.5,1055,216.573,9325.009766,1720.949951,968.75,10.933,157.2590921,159.17
11/1/2008,1,,6.8,1076,212.425,8829.040039,1535.569946,896.23999,10.525,157.2153419,156.08
12/1/2008,1,,7.3,1021,210.228,8776.389648,1577.030029,903.25,10.383,155.2705367,152.55
1/1/2009,1,14394.5,7.8,777,211.143,8000.859863,1476.420044,825.880005,9.786,151.3740283,149.37
2/1/2009,1,,8.3,819,212.193,7062.930176,1377.839966,735.090027,9.223,148.8663511,147.63
3/1/2009,1,,8.7,839,212.709,7608.919922,1528.589966,797.869995,9.748,147.3946637,146.52
4/1/2009,1,14352.9,9,846,213.24,8168.120117,1717.300049,872.809998,9.38,147.4570997,146.95
5/1/2009,1,,9.4,818,213.856,8500.330078,1774.329956,919.140015,10.176,148.2590283,148.18
6/1/2009,1,,9.5,797,215.693,8447,1835.040039,919.320007,10.149,148.6093789,149.8
7/1/2009,,14420.3,9.5,797,215.351,9171.610352,1978.5,987.47998,11.565,149.7883135,150.75
8/1/2009,,,9.6,792,215.834,9496.280273,2009.060059,1020.619995,14.754,149.3708282,150.67
9/1/2009,,,9.8,721,215.969,9712.280273,2122.419922,1057.079956,9.536,148.2460793,149.63
10/1/2009,,14628,10,746,216.177,9712.730469,2045.109985,1036.189941,10.576,147.0740441,148.59
11/1/2009,,,9.9,844,216.33,10344.83984,2144.600098,1095.630005,11.04,146.3340315,147.95
12/1/2009,,,9.9,750,215.949,10428.04981,2269.149902,1115.099976,11.284,145.3328398,146.68
1/1/2010,,14721.4,9.8,689,216.687,10067.33008,2147.350098,1073.869995,10.893,143.1868025,145
2/1/2010,,,9.8,670,216.741,10325.25977,2238.26001,1104.48999,10.315,141.2289938,143.06
3/1/2010,,,9.9,635,217.631,10856.62988,2397.959961,1169.430054,11.772,141.1823625,143.6
4/1/2010,,14926.1,9.9,737,218.009,11008.61035,2461.189941,1186.689941,11.454,142.7062093,145.4
5/1/2010,,,9.6,702,218.178,10136.62988,2257.040039,1089.410034,12.03,144.1971958,147.03
6/1/2010,,,9.4,894,217.965,9774.019531,2109.23999,1030.709961,11.598,144.9899471,147.7
7/1/2010,,15079.9,9.4,572,218.011,10465.94043,2254.699951,1101.599976,11.947,144.8190032,147.55
8/1/2010,,,9.5,592,218.312,10014.71973,2114.030029,1049.329956,12.014,143.5029706,146.41
9/1/2010,,,9.5,632,218.439,10788.04981,2368.620117,1141.199951,11.922,141.6416465,144.6
10/1/2010,,15240.8,9.4,605,218.711,11118.49023,2507.409912,1183.26001,12.414,140.0283176,143.13
11/1/2010,,,9.8,552,218.803,11006.01953,2498.22998,1180.550049,12.3,138.6952036,141.83
12/1/2010,,,9.3,565,219.179,11577.50977,2652.870117,1257.640015,12.606,137.2984672,140.64
1/1/2011,,15285.8,9.1,520,220.223,11891.92969,2700.080078,1286.119995,12.806,135.1027085,139.05
2/1/2011,,,9,615,221.309,12226.33984,2782.27002,1327.219971,13.081,133.1799295,137.75
3/1/2011,,,9,591,223.467,12319.73047,2781.070068,1325.829956,13.259,131.939784,137.79
4/1/2011,,15496.2,9.1,549,224.906,12810.54004,2873.540039,1363.609985,13.327,132.391394,139.16
5/1/2011,,,9,549,225.964,12569.79004,2835.300049,1345.199951,12.28,133.2193779,140.69
6/1/2011,,,9.1,579,225.722,12414.33984,2773.52002,1320.640015,11.886,134.5480886,141.94
7/1/2011,,15591.9,9,634,225.922,12143.24023,2756.379883,1292.280029,12.719,134.8040339,142.33
8/1/2011,,,9,614,226.545,11613.53027,2579.459961,1218.890015,12.604,133.9072326,141.78
9/1/2011,,,9,603,226.889,10913.37988,2415.399902,1131.420044,13.356,132.1802015,140.16
10/1/2011,,15796.5,8.8,566,226.421,11955.00977,2684.409912,1253.300049,13.731,130.7930063,138.4
11/1/2011,,,8.6,585,226.23,12045.67969,2620.340088,1246.959961,13.742,129.2548664,136.66
12/1/2011,,,8.5,610,225.672,12217.55957,2605.149902,1257.599976,13.798,128.1550699,135.16
1/1/2012,,16019.8,8.3,545,226.665,12632.91016,2813.840088,1312.410034,14.395,126.6534043,134.17
2/1/2012,,,8.3,561,227.663,12952.07031,2966.889893,1365.680054,14.975,125.9412395,134
3/1/2012,,,8.2,582,229.392,13212.04004,3091.570068,1408.469971,14.594,126.739083,135.87
4/1/2012,,16152.3,8.2,671,230.085,13213.62988,3046.360107,1397.910034,14.77,128.7855144,138.48
5/1/2012,,,8.2,626,229.815,12393.4502,2827.340088,1310.329956,14.496,131.3361763,141.06
6/1/2012,,,8.2,625,229.478,12880.08984,2935.050049,1362.160034,14.467,133.5030115,143.18
7/1/2012,,16257.2,8.2,676,229.104,13008.67969,2939.52002,1379.319946,14.38,134.7567047,144.29
8/1/2012,,,8.1,684,230.379,13090.83984,3066.959961,1406.579956,14.444,134.4028607,144.71
9/1/2012,,,7.8,652,231.407,13437.12988,3116.22998,1440.670044,15.099,133.4877076,144.36
10/1/2012,,16358.9,7.8,730,231.317,13096.45996,2977.22998,1412.160034,14.831,133.1807366,143.98
11/1/2012,,,7.7,668,230.221,13025.58008,3010.23999,1416.180054,15.456,133.8110449,143.97
12/1/2012,,,7.9,677,229.601,13104.13965,3019.51001,1426.189941,15.462,134.084778,143.88
1/1/2013,,16569.6,8,714,230.28,13860.58008,3142.129883,1498.109985,15.813,134.0964011,144.32
2/1/2013,,,7.7,729,232.166,14054.49023,3160.189941,1514.680054,15.861,133.7858532,145.16
3/1/2013,,,7.5,816,232.773,14578.54004,3267.52002,1569.189941,15.723,136.0108373,147.96
4/1/2013,,16637.9,7.6,712,232.531,14839.79981,3328.790039,1597.569946,15.81,138.9276829,150.98
5/1/2013,,,7.5,708,232.945,15115.57031,3455.909912,1630.73999,15.884,141.3418302,153.87
6/1/2013,,,7.5,736,233.504,14909.59961,3403.25,1606.280029,16.148,143.3603324,156.45
7/1/2013,,16848.7,7.3,784,233.596,15499.54004,3626.370117,1685.72998,16.021,145.0103711,158.31
8/1/2013,,,7.2,765,233.877,14810.30957,3589.870117,1632.969971,15.827,145.8507619,159.42
9/1/2013,,,7.2,776,234.149,15129.66992,3771.47998,1681.550049,15.857,145.9326378,159.69
10/1/2013,,17083.1,7.2,801,233.546,15545.75,3919.709961,1756.540039,15.728,146.1958182,159.57
11/1/2013,,,6.9,839,233.069,16086.41016,4059.889893,1805.810059,16.078,146.3123279,159.37
12/1/2013,,,6.7,778,233.049,16576.66016,4176.589844,1848.359985,15.834,146.2523507,159.29
1/1/2014,,17104.6,6.6,838,233.916,15698.84961,4103.879883,1782.589966,15.614,145.8017467,159.39
2/1/2014,,,6.7,876,234.781,16321.70996,4308.120117,1859.449951,15.993,145.7321056,159.9
3/1/2014,,,6.7,893,236.293,16457.66016,4198.990234,1872.339966,16.985,145.9930926,161.22
4/1/2014,,17432.9,6.2,834,237.072,16580.83984,4114.560059,1883.949951,16.697,147.1172292,163
5/1/2014,,,6.3,891,237.9,16717.16992,4242.620117,1923.569946,17.137,148.1441087,164.71
6/1/2014,,,6.1,800,238.343,16826.59961,4408.180176,1960.22998,17.516,149.2387281,166.24
7/1/2014,,17721.7,6.2,839,238.25,16563.30078,4369.77002,1930.670044,17.277,150.1232373,167.16
8/1/2014,,,6.1,908,237.852,17098.44922,4580.27002,2003.369995,17.239,150.656916,167.47
9/1/2014,,,5.9,975,238.031,17042.90039,4493.390137,1972.290039,16.959,150.3584422,167.26
10/1/2014,,17849.9,5.7,920,237.433,17390.51953,4630.740234,2018.050049,16.757,150.4397421,166.93
11/1/2014,,,5.8,863,236.151,17828.24023,4791.629883,2067.560059,16.947,151.0308236,166.69
12/1/2014,,,5.6,955,234.812,17823.07031,4736.049805,2058.899902,17.179,151.718929,166.5
1/1/2015,,17984.2,5.7,957,233.707,17164.94922,4635.240234,1994.98999,16.935,152.2549967,166.3
2/1/2015,,,5.5,867,234.722,18132.69922,4963.529785,2104.5,16.889,151.9530421,166.69
3/1/2015,,,5.4,789,236.119,17776.11914,4900.879883,2067.889893,17.849,152.3716372,168.14
4/1/2015,,18219.4,5.4,1010,236.599,17840.51953,4941.419922,2085.51001,17.638,153.7536845,170.01
5/1/2015,,,5.6,1011,237.805,18010.67969,5070.029785,2107.389893,18.017,154.6610343,171.89
6/1/2015,,,5.3,957,238.638,17619.50977,4986.870117,2063.110107,17.87,155.5566924,173.49
7/1/2015,,18344.7,5.2,987,238.654,17689.85938,5128.279785,2103.840088,18.314,156.4849851,174.54
8/1/2015,,,5.1,973,238.316,16528.0293,4812.709961,1972.180054,18.44,157.1091639,174.98
9/1/2015,,,5,1027,237.945,16284.7002,4620.160156,1920.030029,18.232,157.4584394,175.1
10/1/2015,,18350.8,5,986,237.838,17663.53906,5053.75,2079.360107,18.202,157.5409733,175.11
11/1/2015,,,5.1,987,237.336,17719.91992,5108.669922,2080.409912,18.316,157.9661545,175.21
12/1/2015,,,5,1028,236.525,17425.0293,5007.410156,2043.939941,17.441,158.4869839,175.19
1/1/2016,,18424.3,4.9,1057,236.916,16466.30078,4613.950195,1940.23999,18.091,158.1477494,175.11
2/1/2016,,,4.9,1039,237.111,16516.5,4557.950195,1932.22998,18.025,158.232464,175.34
3/1/2016,,,5,1022,238.132,17685.08984,4869.850098,2059.73999,17.328,158.7365249,176.66
4/1/2016,,18637.3,5,960,239.261,17773.64063,4775.359863,2065.300049,17.715,159.6786312,178.55
5/1/2016,,,4.8,994,240.229,17787.19922,4948.049805,2096.949951,17.758,160.6865733,180.4
6/1/2016,,,4.9,1100,241.018,17929.99023,4842.669922,2098.860107,17.73,161.5694674,181.99
7/1/2016,,18806.7,4.8,1076,240.628,18432.24023,5162.129883,2173.600098,18.108,162.8263777,183.11
8/1/2016,,,4.9,1046,240.849,18400.88086,5213.220215,2170.949951,17.899,163.2553259,183.76
9/1/2016,,,5,1018,241.428,18308.15039,5312,2168.27002,17.961,163.1279136,184.06
10/1/2016,,18991.9,4.9,1074,241.729,18142.41992,5189.140137,2126.149902,17.856,162.9973719,184.14
11/1/2016,,,4.7,1214,241.353,19123.58008,5323.680176,2198.810059,17.748,163.4481183,184.36
12/1/2016,,,4.7,1114,241.432,19762.59961,5444.5,2238.830078,18.18,163.5523911,184.54
1/1/2017,,19190.4,4.7,1078,242.839,19864.08984,5614.790039,2278.870117,17.665,162.828582,184.8
2/1/2017,,,4.7,1151,243.603,20812.24023,5825.439941,2363.639893,17.773,162.6490553,185.17
3/1/2017,,,4.4,1190,243.801,20663.2207,5911.740234,2362.719971,17.097,163.8369536,186.68
4/1/2017,,19356.6,4.4,1088,244.524,20940.50977,6047.609863,2384.199951,17.281,165.1087698,188.68
5/1/2017,,,4.4,1159,244.733,21008.65039,6198.52002,2411.800049,17.254,166.7181404,190.69
6/1/2017,,,4.3,1224,244.955,21349.63086,6140.419922,2423.409912,17.209,168.0895899,192.43
7/1/2017,,19611.7,4.3,1186,244.786,21891.11914,6348.120117,2470.300049,17.18,169.3087813,193.69
8/1/2017,,,4.4,1087,245.519,21948.09961,6428.660156,2471.649902,17.016,169.5423507,194.54
9/1/2017,,,4.2,1089,246.819,22405.08984,6495.959961,2519.360107,18.381,169.0628902,195.02
10/1/2017,,19918.9,4.1,1195,246.663,23377.24023,6727.669922,2575.26001,18.198,169.4014273,195.28
11/1/2017,,,4.2,1151,246.669,24272.34961,6873.970215,2584.840088,17.862,169.7139259,195.65
12/1/2017,,,4.1,1221,246.524,24719.2207,6903.390137,2673.610107,17.697,170.1704795,196.06
1/1/2018,,20163.2,4.1,1215,247.867,26149.39063,7411.47998,2823.810059,17.552,169.4962117,196.35
2/1/2018,,,4.1,1290,248.991,25029.19922,7273.009766,2713.830078,17.555,169.4245723,197.15
3/1/2018,,,4,1220,249.554,24103.10938,7063.450195,2640.870117,17.695,170.4862439,198.84
4/1/2018,,20510.2,3.9,1244,250.546,24163.15039,7066.27002,2648.050049,17.774,171.5636913,200.89
5/1/2018,,,3.8,1248,251.588,24415.83984,7442.120117,2705.27002,17.778,172.4324862,202.75
6/1/2018,,,4,1205,251.989,24271.41016,7510.299805,2718.370117,17.701,173.5184036,204.35
7/1/2018,,20749.8,3.9,1176,252.006,25415.18945,7671.790039,2816.290039,17.384,174.2920961,205.27
8/1/2018,,,3.8,1232,252.146,25964.82031,8109.540039,2901.52002,17.361,174.513551,205.65
9/1/2018,,,3.7,1150,252.439,26458.31055,8046.350098,2913.97998,17.842,174.3618546,205.71
10/1/2018,,20897.8,3.8,1117,252.885,25115.75977,7305.899902,2711.73999,17.999,174.056034,205.71
11/1/2018,,,3.7,1107,252.038,25538.46094,7330.540039,2760.169922,17.88,174.4389123,205.47
12/1/2018,,,3.9,1068,251.233,23327.46094,6635.279785,2506.850098,17.886,174.6588759,205.07
1/1/2019,,21098.8,4,1261,251.712,24999.66992,7281.740234,2704.100098,17.237,174.0162298,204.71
2/1/2019,,,3.8,1332,252.776,25916,7532.529785,2784.48999,17.026,,
3/1/2019,,,3.8,1348,254.202,25928.67969,7729.319824,2834.399902,17.773,,
4/1/2019,,21337.9,3.6,1330,255.548,26592.91016,8095.390137,2945.830078,17.048,,
5/1/2019,,,3.6,1228,256.092,24815.03906,7453.149902,2752.060059,17.932,,
6/1/2019,,,3.7,1166,256.143,26599.96094,8006.240234,2941.76001,17.661,,
7/1/2019,,,3.7,1250,256.571,26864.26953,8175.419922,2980.379883,17.339,,
8/1/2019,,,,,,,7895.990234,2888.679932,,,
