<?xml version='1.0' encoding='utf-8'?>
<PoBVersion>
	<Version number="2.14.0" platform="win32" branch="master" />
	<Source part="default" url="https://raw.githubusercontent.com/PathOfBuildingCommunity/PathOfBuilding/master/" />
	<Source part="program" url="https://raw.githubusercontent.com/PathOfBuildingCommunity/PathOfBuilding/master/src/" />
	<Source part="tree" url="https://raw.githubusercontent.com/PathOfBuildingCommunity/PathOfBuilding/master/src/" />
	<Source part="runtime" platform="win32" url="https://raw.githubusercontent.com/PathOfBuildingCommunity/PathOfBuilding/master/runtime/" />
	<File name="LICENSE.md" part="default" sha1="eacedd00e9707defe051bd7151466d223376afa6" />
	<File name="Launch.lua" part="program" sha1="35bf94cd83059bf540d4762e0d657c7dfdea3997" />
	<File name="UpdateCheck.lua" part="program" sha1="c0a1a7e9823bcecef193bf3a846e93d5ea2d9021" />
	<File name="UpdateApply.lua" part="program" sha1="4dd42f413cb89a963e4ae1b40e214985b909c05b" />
	<File name="GameVersions.lua" part="program" sha1="7432aa56a12660ed90bdc8d433a761a5b8354eb7" />
	<File name="changelog.txt" part="default" sha1="a30b8290d88245cca26459e0382b15542e122a5a" />
	<File name="Path{space}of{space}Building.exe" part="runtime" platform="win32" sha1="7486cf4f0289df72ccce93a69a4198ad069f79b9" />
	<File name="lua51.dll" part="runtime" platform="win32" sha1="7a973d3c0b5121e6aad0dcb9323be5b432fc63e7" />
	<File name="SimpleGraphic.dll" part="runtime" platform="win32" sha1="fe91680283bd2ca112c341134befc8922487bfca" />
	<File name="libcurl.dll" part="runtime" platform="win32" sha1="5f68674e22a389dddeb72078b7d9d69d29881bdd" />
	<File name="lcurl.dll" part="runtime" platform="win32" sha1="fe399dbe89c02c597bbad8323ef5c29b24af4870" />
	<File name="lzip.dll" part="runtime" platform="win32" sha1="fe73e74330bf2943036139c32a5c773558fc62a5" />
	<File name="lua/base64.lua" part="runtime" sha1="18629865eb351e483178b6524fb3935cbc9b8297" />
	<File name="lua/dkjson.lua" part="runtime" sha1="d2c9e5433a24b8593886a36cfc267cb05d3bc529" />
	<File name="lua/sha1/bit32_ops.lua" part="runtime" sha1="25bc8def626fd8d8bd3d37dcd96808c6b8b00087" />
	<File name="lua/sha1/bit_ops.lua" part="runtime" sha1="53ce6b3174386d1e4565ced0c1a7f1b3df3bb83f" />
	<File name="lua/sha1/common.lua" part="runtime" sha1="70faf0efa48e6d44c7b8a4279467f0025257b84f" />
	<File name="lua/sha1/init.lua" part="runtime" sha1="e23c730650ac2ffe595b4ed2a5f3484225414ebd" />
	<File name="lua/sha1/lua53_ops.lua" part="runtime" sha1="b10c732f322358c4112226df61af61f53a21b911" />
	<File name="lua/sha1/pure_lua_ops.lua" part="runtime" sha1="0dff15b1cfd171a3572032346613adcf5e9962c2" />
	<File name="lua/xml.lua" part="runtime" sha1="859e09104842f91a4aaa9a4d9fadf667535877e2" />
	<File name="Assets/game_ui_small.png" part="program" sha1="3e3f01a7c21ffe5ee7dfb644e9f3b7188c319d4d" />
	<File name="Assets/range_guide.png" part="program" sha1="a373cb27e35961aae661f5e5078898dab705fbba" />
	<File name="Assets/ring.png" part="program" sha1="6ef89c50f3505dd2c114b3edbcac017ab969d176" />
	<File name="Assets/ShadedInnerRing.png" part="program" sha1="6ad9088ebaed6646dbd3d231d563dc9611ba4bc6" />
	<File name="Assets/ShadedInnerRingFlipped.png" part="program" sha1="c13f41ef7cbfc14017a10776d21b121f0e558667" />
	<File name="Assets/ShadedOuterRing.png" part="program" sha1="988dee6e0cf9906d78015bc1762b1d95983e89cb" />
	<File name="Assets/ShadedOuterRingFlipped.png" part="program" sha1="ffffef32179d39d48db697e9c9e07fdf022457f7" />
	<File name="Assets/small_ring.png" part="program" sha1="03e2039559d686a7df2d66bd6f92938e7e02da76" />
	<File name="Classes/BuildListControl.lua" part="program" sha1="f03273fa3f9b35a973b3eca9797387f5cc6c8d50" />
	<File name="Classes/ButtonControl.lua" part="program" sha1="f031821199b2aa64ebd0967cebf24aca23692309" />
	<File name="Classes/CalcBreakdownControl.lua" part="program" sha1="e286727a28640ead80ab2ee0faf0fec16f8c18dd" />
	<File name="Classes/CalcSectionControl.lua" part="program" sha1="3ae90221277504794134079c3dee83198c8831d4" />
	<File name="Classes/CalcsTab.lua" part="program" sha1="f30f586e68486402121cd129d7b720d1e2111fd7" />
	<File name="Classes/CheckBoxControl.lua" part="program" sha1="69eef0c7f7d505dbacb924dddd19e424b9daef4c" />
	<File name="Classes/ConfigTab.lua" part="program" sha1="25c1293201a7a9cdee304e8e8cf66e128d7a1e9a" />
	<File name="Classes/Control.lua" part="program" sha1="64fc5fd8e3d4ade976f51c4a28d782b9b2ad31ac" />
	<File name="Classes/ControlHost.lua" part="program" sha1="04e136acb6a32a06648b831b034c6649f1f4dd61" />
	<File name="Classes/DropDownControl.lua" part="program" sha1="e1f98f0042178ac5a964512322ca645eab302b4a" />
	<File name="Classes/EditControl.lua" part="program" sha1="638ca25f570cb03f4b2415e8cfe53cd202766985" />
	<File name="Classes/FolderListControl.lua" part="program" sha1="64706fc226b02939112f90735c5d78ddf99b896f" />
	<File name="Classes/GemSelectControl.lua" part="program" sha1="134c74cb5e637131be848b1f9e6ce2114af3729b" />
	<File name="Classes/HorizontalLineControl.lua" part="program" sha1="ac90bf59c48bc7b2d2e487141fa58e6f1f71c15a" />
	<File name="Classes/ImportTab.lua" part="program" sha1="8774b8a444fc4c68123d5abb2f54ffef0aee9f0b" />
	<File name="Classes/Item.lua" part="program" sha1="91fd5d898ee43cf875f59fc88c57b487d68f69a5" />
	<File name="Classes/ItemDBControl.lua" part="program" sha1="8fbec6f012e815ebbcb3faf8bc19731eb8e28856" />
	<File name="Classes/ItemListControl.lua" part="program" sha1="354bb8e33dd12e73e69a8712856a532963860d05" />
	<File name="Classes/ItemSetListControl.lua" part="program" sha1="db0fc9f8905017ab76013df14fd6f6acbbe450c4" />
	<File name="Classes/ItemSlotControl.lua" part="program" sha1="c622d5fdac134f6ff9833c9256f35ac4ee1bb45b" />
	<File name="Classes/ItemsTab.lua" part="program" sha1="07419cc461ac2acfc903842cb089813933aa0894" />
	<File name="Classes/LabelControl.lua" part="program" sha1="d2ffe0071641c07b63d152c0f48b691eba0cffb0" />
	<File name="Classes/ListControl.lua" part="program" sha1="dc32d770c5572ccb7d4e6cc418d6c101ee4847e4" />
	<File name="Classes/MinionListControl.lua" part="program" sha1="2e9201fd97689f14e53b8be53b0942594362d210" />
	<File name="Classes/ModDB.lua" part="program" sha1="67a4471fed5ebff716a68bdb40362365048309f6" />
	<File name="Classes/ModList.lua" part="program" sha1="0c675816bf9fc2a8e560fbff2b26ff1f579d03ca" />
	<File name="Classes/ModStore.lua" part="program" sha1="da6934f986b1fbcb377a389bf0089593289569d9" />
	<File name="Classes/NotesTab.lua" part="program" sha1="1913fc72203048097ac49b953299ac1a44b1d57e" />
	<File name="Classes/NotableDBControl.lua" part="program" sha1="2edb96f5e80e54afe791fcd293cf9dc201183b13" />
	<File name="Classes/PassiveMasteryControl.lua" part="program" sha1="f15e2d078e9b36d42616d11b652eb7160ffb0627" />
	<File name="Classes/PassiveSpec.lua" part="program" sha1="517b693680379ba1cc4fa6079a1734ffe29fabfe" />
	<File name="Classes/PassiveSpecListControl.lua" part="program" sha1="38dfceca0e38ed2f1e235227a6fe476d290b3178" />
	<File name="Classes/PassiveTree.lua" part="program" sha1="e7e3c5ae12879d9cada3ef277dc8c2aa598c9cc2" />
	<File name="Classes/PassiveTreeView.lua" part="program" sha1="3ec335cce167ef9ead78e1fafb1845eec9cc7712" />
	<File name="Classes/PathControl.lua" part="program" sha1="3acd77612e658766260129ffab70373d8ee60c59" />
	<File name="Classes/PopupDialog.lua" part="program" sha1="2bfb5bb91475432d23a29c1eb36daec2d76914f0" />
	<File name="Classes/PowerReportListControl.lua" part="program" sha1="241769d976e17d256830c809289009587a08c96e" />
	<File name="Classes/ScrollBarControl.lua" part="program" sha1="0690e86bb59d80be8ec3cbd0c902d54850338371" />
	<File name="Classes/SearchHost.lua" part="program" sha1="7b0bdab0e88700248904c6e89423a3abaec8f7da" />
	<File name="Classes/SectionControl.lua" part="program" sha1="35e760f9dd2a5fc51ab9e5ba7f0e9e37eaad1c5a" />
	<File name="Classes/SharedItemListControl.lua" part="program" sha1="1e521b4aa1ee74891f5aeeebec3ab334f2029bad" />
	<File name="Classes/SharedItemSetListControl.lua" part="program" sha1="3d28ca2b6fb8bbdeabb47aa8b5804f75ae5f22ab" />
	<File name="Classes/SkillListControl.lua" part="program" sha1="1c8e86708e420f2ead70fdab918cd61ca2ebb118" />
	<File name="Classes/SkillsTab.lua" part="program" sha1="7fb0e2c3955b0b607e18fd1d220e8326c41cd19b" />
	<File name="Classes/SliderControl.lua" part="program" sha1="c6dea22945dcfa8b2a681468ed8dab16eeae7929" />
	<File name="Classes/TextListControl.lua" part="program" sha1="bb62a34443d64f21c5f0e3e00cae736a8eb6bd87" />
	<File name="Classes/Tooltip.lua" part="program" sha1="ecf26fdd31c2b74ebdec52161b1ce271a715d21b" />
	<File name="Classes/TooltipHost.lua" part="program" sha1="23274906162877c09d2119237414b6747a0e6cea" />
	<File name="Classes/TreeTab.lua" part="program" sha1="6d13fdcb989fda23add942cdf171f247506d704b" />
	<File name="Classes/UndoHandler.lua" part="program" sha1="ce4835c384c834da0de47b0302b1e774c8300c6b" />
	<File name="Data/Global.lua" part="program" sha1="01a03e146c35131f5c2c9a3c3ff491c9b1c677f4" />
	<File name="Data/Uniques/amulet.lua" part="program" sha1="d19a811cf679e3a88d3a5b37f941b51dcd52ad4c" />
	<File name="Data/Uniques/axe.lua" part="program" sha1="f7f72b525796691984093133f0cb44c51fda240b" />
	<File name="Data/Uniques/belt.lua" part="program" sha1="6ac16bdea4924604711c2e8805564fb65fde8525" />
	<File name="Data/Uniques/body.lua" part="program" sha1="18e98745f2b013371a87f89bfa33564dff73d68a" />
	<File name="Data/Uniques/boots.lua" part="program" sha1="5047e6db65a88f6e85ac45c873cd6b2aff435142" />
	<File name="Data/Uniques/bow.lua" part="program" sha1="e026ed0bfa4441836f16450c5cfb247873b255ea" />
	<File name="Data/Uniques/claw.lua" part="program" sha1="dfb63d7e9b24f7c192725c46c6cdab897f259a76" />
	<File name="Data/Uniques/dagger.lua" part="program" sha1="530ba9d2fcb952582b1d74520b8f99d5a739a09c" />
	<File name="Data/Uniques/fishing.lua" part="program" sha1="348fea473e90bbccf5aa94869ccba784291dc78d" />
	<File name="Data/Uniques/flask.lua" part="program" sha1="08c1da0915ad03aa7138133fab8f9e68cbb6a901" />
	<File name="Data/Uniques/gloves.lua" part="program" sha1="463e134c4fc8374e828d938656dfd53a3153e962" />
	<File name="Data/Uniques/helmet.lua" part="program" sha1="42edb15a16c0b7ef9dd29bc26aca241342e1b31d" />
	<File name="Data/Uniques/jewel.lua" part="program" sha1="cf1d70454545b7e27d2caab36a1e99fa908b644b" />
	<File name="Data/Uniques/mace.lua" part="program" sha1="b6180c4760868ea60848b84b0dad7ef0368399ff" />
	<File name="Data/Uniques/quiver.lua" part="program" sha1="2e56c27c41a259a7846da17b41ae90930613f671" />
	<File name="Data/Uniques/ring.lua" part="program" sha1="1c66b5bb25346948052733ec89195578a9f58d09" />
	<File name="Data/Uniques/shield.lua" part="program" sha1="dbec380d267c2b3544cc721e0aa83918eb04ddab" />
	<File name="Data/Uniques/staff.lua" part="program" sha1="a5e83a22a501f81a444fdfb6028db8d8ea884b23" />
	<File name="Data/Uniques/sword.lua" part="program" sha1="736443f38c751852d1643412d9f0628766954af3" />
	<File name="Data/Uniques/wand.lua" part="program" sha1="1c1d12bc225c029fe772f618042ca10240125b30" />
	<File name="Data/Uniques/Special/Generated.lua" part="program" sha1="8cdf50b47f80f87ed0fd614910b84e65afadda11" />
	<File name="Data/Uniques/Special/New.lua" part="program" sha1="dff84c3cb9578a9b9ffa6b4343a2655472820c7f" />
	<File name="Data/Uniques/Special/WatchersEye.lua" part="program" sha1="409b15a8d5b70d1ab664f0b8fe82816641181838" />
	<File name="Data/Uniques/Special/race.lua" part="program" sha1="d2223632b2f3d654d227c7b5339bb2fcb19b9afd" />
	<File name="Data/ClusterJewels.lua" part="program" sha1="4a5534bce24efd04745b56a53e999b8a69d317c3" />
	<File name="Data/Costs.lua" part="program" sha1="3ea53eef01f1d44d54fd5e495b380099a94a314c" />
	<File name="Data/EnchantmentBelt.lua" part="program" sha1="85409c93fa36ce5a7bd0b5684660190f0d33ebf4" />
	<File name="Data/EnchantmentBody.lua" part="program" sha1="6db58f76bfabc3dc3539822a9c8328497afa1ad6" />
	<File name="Data/EnchantmentBoots.lua" part="program" sha1="c3716b9da75cddf05f19ee08927409c22f7b5c80" />
	<File name="Data/EnchantmentFlask.lua" part="program" sha1="e805a1d6ced718243ccf2658d92c25cca41e9025" />
	<File name="Data/EnchantmentGloves.lua" part="program" sha1="1fcdacb6f5e454b41163c0ddef1e4aa3444fe0fb" />
	<File name="Data/EnchantmentWeapon.lua" part="program" sha1="020c43e5a8228dbbd2d4718a1955bd139034c96c" />
	<File name="Data/EnchantmentHelmet.lua" part="program" sha1="7b1e2c1055c4f3950f78a6caea7373a6ce71de16" />
	<File name="Data/Essence.lua" part="program" sha1="cdff41222741ca6c457fd55254bad8dcfc4d8b8d" />
	<File name="Data/Gems.lua" part="program" sha1="73cb7618b02f88b74ea2f03780b612b9468323da" />
	<File name="Data/LegionPassives.lua" part="program" sha1="90e38269e16e791de2f3844f8e8789cfdbf3b8f0" />
	<File name="Data/Minions.lua" part="program" sha1="708178979cefd9655af9bf6dbabd0a43e7542949" />
	<File name="Data/Misc.lua" part="program" sha1="1a1b0760b8ff16de918d198b1a2c922d75f79480" />
	<File name="Data/ModCache.lua" part="program" sha1="8d67dcf10abbc126de9e140f334e6270071dbbf2" />
	<File name="Data/ModFlask.lua" part="program" sha1="36d22cb030215a805c8806928c5a5866b20859de" />
	<File name="Data/ModItem.lua" part="program" sha1="09ba11771bc9ba40a94f26237f093aa7b1a42916" />
	<File name="Data/ModJewel.lua" part="program" sha1="5890f0c79aa7ac30412b933c0b4f378e0fab8177" />
	<File name="Data/ModJewelAbyss.lua" part="program" sha1="30c89d26d6030c309fba3ba60f62e87d1ab45fcf" />
	<File name="Data/ModJewelCluster.lua" part="program" sha1="6b9e774c756673e3160e9b434eb5dc729e2cc45e" />
	<File name="Data/ModMaster.lua" part="program" sha1="5e3fe8215d289e9ba64419fbeec4925405c82f06" />
	<File name="Data/ModVeiled.lua" part="program" sha1="93e5a2e5a3430438988dc1165cb04d40c3ba8228" />
	<File name="Data/Pantheons.lua" part="program" sha1="6cca6a82486e26ad9ac0a46a1a7c3ddf65f33ed5" />
	<File name="Data/Rares.lua" part="program" sha1="3901663e512fbf4f37e20de4dbcff39c3a3e658b" />
	<File name="Data/SkillStatMap.lua" part="program" sha1="c24c7e1b672c6b98a4003fc2b3515c366d6a53f1" />
	<File name="Data/Spectres.lua" part="program" sha1="f24ab79526902047a3b1afc97a05fb701270ff71" />
	<File name="Data/Bases/amulet.lua" part="program" sha1="07b87fc0fd93ccdb491663a22323de6559272dc5" />
	<File name="Data/Bases/axe.lua" part="program" sha1="8fa738db8c0522c959d9ea1e3e819823dd4469b8" />
	<File name="Data/Bases/belt.lua" part="program" sha1="6230a0e8897a57200ff9bfc604772667343a63f3" />
	<File name="Data/Bases/body.lua" part="program" sha1="266203ac4531d44d9f17340d548c8a9657112840" />
	<File name="Data/Bases/boots.lua" part="program" sha1="03425b58add972404e380e9e13b6ec128d67226b" />
	<File name="Data/Bases/bow.lua" part="program" sha1="19be26e6ca3bec574e4eed3969c8d5ffaf6a4700" />
	<File name="Data/Bases/claw.lua" part="program" sha1="0a966a9be381c1cfebf4e551e20ca8cbfa016774" />
	<File name="Data/Bases/dagger.lua" part="program" sha1="07fbc514a489f93cd31f0017968bde7bca017a09" />
	<File name="Data/Bases/fishing.lua" part="program" sha1="4d9cf73c2acb8641b53ba6cb9a3aa9737ef7e349" />
	<File name="Data/Bases/flask.lua" part="program" sha1="61cd3adaf90eba55d83bf502b9c8c583f4269ffb" />
	<File name="Data/Bases/gloves.lua" part="program" sha1="b6d545109dfc64021747ea3eb74deae4c17af07d" />
	<File name="Data/Bases/helmet.lua" part="program" sha1="e1822ce50240073f36036b2ba439f72b40d799a3" />
	<File name="Data/Bases/jewel.lua" part="program" sha1="c31683721b98c10d328743a6fafe1778d439ea15" />
	<File name="Data/Bases/mace.lua" part="program" sha1="c054e04ba5d8d1289b41e3954cef7aed1af2a897" />
	<File name="Data/Bases/quiver.lua" part="program" sha1="59302fdaf14302e8c320ef431c3937b219cbb19c" />
	<File name="Data/Bases/ring.lua" part="program" sha1="fb54d353d416003f5bbf200e9c6b27599842d93d" />
	<File name="Data/Bases/shield.lua" part="program" sha1="6bbf2c7400ff91958ed6a27b1fd09bfadf44c9e8" />
	<File name="Data/Bases/staff.lua" part="program" sha1="f588d1886c41a0413efda8c3f3c4a14b4c07fce0" />
	<File name="Data/Bases/sword.lua" part="program" sha1="4c9fe6e6820c0ea1dad3e3fe2a343ad5d7629889" />
	<File name="Data/Bases/wand.lua" part="program" sha1="e8238c7cc9c46565be51651f59f3a34c20866f4e" />
	<File name="Data/Skills/act_dex.lua" part="program" sha1="aa8c5bec06d64bc1aa068dce93d465b9458137e2" />
	<File name="Data/Skills/act_int.lua" part="program" sha1="6fc66c71b0000095aab095d0e91b6020844e5daf" />
	<File name="Data/Skills/act_str.lua" part="program" sha1="c40dc6e7723119317b87cc7195ddc60c74fb5b81" />
	<File name="Data/Skills/glove.lua" part="program" sha1="29db89c3e2ff54db232b7150f778ebdaf1291e01" />
	<File name="Data/Skills/minion.lua" part="program" sha1="b0786c05b1279151bfe2ad8a3d5bbde49f9cfd7c" />
	<File name="Data/Skills/other.lua" part="program" sha1="f6bb66439b2129fe200aa090ab5384d54b39354a" />
	<File name="Data/Skills/spectre.lua" part="program" sha1="bdbe95c8295045ee36d582b59cd59ea0d9df1d49" />
	<File name="Data/Skills/sup_dex.lua" part="program" sha1="8e3c5e7a426fabebc98077fab5daf936f6124a36" />
	<File name="Data/Skills/sup_int.lua" part="program" sha1="534d9555c14bd7c98f7f9f455df1062e30faebf1" />
	<File name="Data/Skills/sup_str.lua" part="program" sha1="32848fa59660385e4a1da4e3bf197fbbec352e0e" />
	<File name="Data/StatDescriptions/active_skill_gem_stat_descriptions.lua" part="program" sha1="b9045c5e5f96f8809d17e79df730cbb264d1c04b" />
	<File name="Data/StatDescriptions/aura_skill_stat_descriptions.lua" part="program" sha1="e44357600382a90eaa44f725725858d567621d94" />
	<File name="Data/StatDescriptions/banner_aura_skill_stat_descriptions.lua" part="program" sha1="aa807c0a9e682124cd68ab61b00bfed83bdba229" />
	<File name="Data/StatDescriptions/beam_skill_stat_descriptions.lua" part="program" sha1="ab63fd4b599f0f677a0b7a9f2ee18245636271ec" />
	<File name="Data/StatDescriptions/brand_skill_stat_descriptions.lua" part="program" sha1="8b9752b7a335d729a9c702ded22b5120a9a01840" />
	<File name="Data/StatDescriptions/buff_skill_stat_descriptions.lua" part="program" sha1="d76dbe1d5713a659a1c2ff516387fb87e7a2a731" />
	<File name="Data/StatDescriptions/curse_skill_stat_descriptions.lua" part="program" sha1="c6880b1cee28f88f014b051267b8d2cd9cbd20bc" />
	<File name="Data/StatDescriptions/debuff_skill_stat_descriptions.lua" part="program" sha1="a9e7472ca39cfcb5e11a4aeb859f4d8eebe024bb" />
	<File name="Data/StatDescriptions/secondary_debuff_skill_stat_descriptions.lua" part="program" sha1="e3cc25603f04c898c07aece79b94c58c93922406" />
	<File name="Data/StatDescriptions/gem_stat_descriptions.lua" part="program" sha1="298fe24fb039422e9002e42df647749effae5800" />
	<File name="Data/StatDescriptions/minion_attack_skill_stat_descriptions.lua" part="program" sha1="10cb25e71d625e4f0c8125ff853d259b57ca5f94" />
	<File name="Data/StatDescriptions/minion_skill_stat_descriptions.lua" part="program" sha1="a4afb3bbfc9d0573f30a1c8e10adffa73a14fab4" />
	<File name="Data/StatDescriptions/minion_spell_damage_skill_stat_descriptions.lua" part="program" sha1="fcb32f2b9828fb05ae4381ba7c9bc8f63fa1d3e7" />
	<File name="Data/StatDescriptions/minion_spell_skill_stat_descriptions.lua" part="program" sha1="547298ebd02196f8afe0e7c4ee4d998bf76547e2" />
	<File name="Data/StatDescriptions/monster_stat_descriptions.lua" part="program" sha1="a3fbf2d38aeabb2c784dba8d6e09342c5418fbbd" />
	<File name="Data/StatDescriptions/offering_skill_stat_descriptions.lua" part="program" sha1="2726e21fc785366d1479759fa2b80e0f1d423d6d" />
	<File name="Data/StatDescriptions/skill_stat_descriptions.lua" part="program" sha1="7dd318c49bcad33ba94a2b9d0fa5812938294c61" />
	<File name="Data/StatDescriptions/single_minion_spell_skill_stat_descriptions.lua" part="program" sha1="3c9a68e0af6ebb8c210460f108c062502e247be3" />
	<File name="Data/StatDescriptions/stat_descriptions.lua" part="program" sha1="bb2e19903ab654345d0d468cccc3a40af8846a62" />
	<File name="Data/StatDescriptions/variable_duration_skill_stat_descriptions.lua" part="program" sha1="fbf3309032bb7288b085b9e001b962827218d4e6" />
	<File name="Modules/Build.lua" part="program" sha1="bbe13c717cc5f866e0c7331fbb852f145a322068" />
	<File name="Modules/BuildList.lua" part="program" sha1="5c5ee46b6dee4feb5bbfc2f5ef753073fa9303a9" />
	<File name="Modules/BuildSiteTools.lua" part="program" sha1="7c3fe60cec98601f10f2261d45a2a177ebb56d26" />
	<File name="Modules/CalcActiveSkill.lua" part="program" sha1="3f182fc3132033f9a21b8a709b24b130cb5d0175" />
	<File name="Modules/CalcBreakdown.lua" part="program" sha1="b90cd2cd732249f95b0d1d42bc809f6c0d679e20" />
	<File name="Modules/CalcDefence.lua" part="program" sha1="b9c820ae60a6efdf4e8ec07b95edadfd81407bf9" />
	<File name="Modules/CalcOffence.lua" part="program" sha1="423ed579fd591f648df62808b82e869a3f0be96c" />
	<File name="Modules/CalcPerform.lua" part="program" sha1="e1f5d19682f1c1abe7d99e56a99653bb7c623c84" />
	<File name="Modules/Calcs.lua" part="program" sha1="9cba82b0d41cfe6a2b2f5c152ba533a5293bc8df" />
	<File name="Modules/CalcSections.lua" part="program" sha1="e6bb3604d0f71d0ef3e28cfcac70dd0658eb99a1" />
	<File name="Modules/CalcSetup.lua" part="program" sha1="63847d852fa40029a53b0ee3bbda83328d9ff08c" />
	<File name="Modules/CalcTools.lua" part="program" sha1="9309d6412ec98d3d9e0b01095c9837edf8814641" />
	<File name="Modules/Common.lua" part="program" sha1="bbb585eb2bb7f10bce3ac84b4b2f60729ac8b76e" />
	<File name="Modules/ConfigOptions.lua" part="program" sha1="9116070d03c60bc7590368f1219b8a1b7ab03a00" />
	<File name="Modules/Data.lua" part="program" sha1="dd9eb29526d53d516685bf6f6cb32845deb1a0f0" />
	<File name="Modules/ItemTools.lua" part="program" sha1="d68141460cc04ba674065ba3d35bd0aad8705dd4" />
	<File name="Modules/Main.lua" part="program" sha1="2c6ebfffcbb8e87d0233af5df921ca8fc016f2ee" />
	<File name="Modules/ModParser.lua" part="program" sha1="5db22a0bdde97b63d048a17c8721ef84f0470261" />
	<File name="Modules/ModTools.lua" part="program" sha1="6b6ebeccf7d13593546f5408096187e0afa0ecbf" />
	<File name="Modules/StatDescriber.lua" part="program" sha1="71feb1bab01bf67a13093622a189c50825601876" />
	<File name="Modules/PantheonTools.lua" part="program" sha1="ebe91a7d8f8444a6061acf4758da0e775cc8c314" />
	<File name="SimpleGraphic/Fonts/Bitstream Vera Sans Mono.10.tga" part="runtime" sha1="74cc6c47e7cda18211e57b9e062368eab3c26bab" />
	<File name="SimpleGraphic/Fonts/Bitstream Vera Sans Mono.12.tga" part="runtime" sha1="1977206f0efc5035834ecbf93ca7d046010d8aab" />
	<File name="SimpleGraphic/Fonts/Bitstream Vera Sans Mono.14.tga" part="runtime" sha1="93a4309dc814914be7d2dee708e3821494f145a2" />
	<File name="SimpleGraphic/Fonts/Bitstream Vera Sans Mono.16.tga" part="runtime" sha1="274665d752f1637c7e2be215c5ca7ea43df7d5e0" />
	<File name="SimpleGraphic/Fonts/Bitstream Vera Sans Mono.18.tga" part="runtime" sha1="3cd1d874cf6f75b4fd2d67e3060f9a7dbd89c9d1" />
	<File name="SimpleGraphic/Fonts/Bitstream Vera Sans Mono.20.tga" part="runtime" sha1="2411cf67aa67efede08830d350b1b08c94d6ea7b" />
	<File name="SimpleGraphic/Fonts/Bitstream Vera Sans Mono.24.tga" part="runtime" sha1="730fbfe488f47c0da6711f0e20c23e0c005148b0" />
	<File name="SimpleGraphic/Fonts/Bitstream Vera Sans Mono.28.tga" part="runtime" sha1="b6d5cc14c7336366b2b6036f781ca1c2ae00b638" />
	<File name="SimpleGraphic/Fonts/Bitstream Vera Sans Mono.32.tga" part="runtime" sha1="8c339846aac3a4c739750efe722816d86c56571a" />
	<File name="SimpleGraphic/Fonts/Bitstream Vera Sans Mono.tgf" part="runtime" sha1="3a92b9f013871dc92211c7bba78a1c9669b443d4" />
	<File name="SimpleGraphic/Fonts/Liberation Sans Bold.10.tga" part="runtime" sha1="88809ae34ea7d14500e1ad9bb17e74f6bd50f72e" />
	<File name="SimpleGraphic/Fonts/Liberation Sans Bold.12.tga" part="runtime" sha1="a42436255ca10b47934ad428c60d209da2c77f41" />
	<File name="SimpleGraphic/Fonts/Liberation Sans Bold.14.tga" part="runtime" sha1="d720f0c0c3c6d2bea38d52edb7ba73bff71eb501" />
	<File name="SimpleGraphic/Fonts/Liberation Sans Bold.16.tga" part="runtime" sha1="68ea1a3846198aae66f63a70abcf9b023b3c469f" />
	<File name="SimpleGraphic/Fonts/Liberation Sans Bold.18.tga" part="runtime" sha1="d9abed6557034288442ba1f6ee557ab8ac616a85" />
	<File name="SimpleGraphic/Fonts/Liberation Sans Bold.20.tga" part="runtime" sha1="cd39f6277e61c3e6bae24ffca3db64ade0cdb385" />
	<File name="SimpleGraphic/Fonts/Liberation Sans Bold.24.tga" part="runtime" sha1="909ed51261062dcc236a5d8f098d0b27defa9c48" />
	<File name="SimpleGraphic/Fonts/Liberation Sans Bold.28.tga" part="runtime" sha1="9c492dab86435d5afc634485d7ed3a7989cd4c08" />
	<File name="SimpleGraphic/Fonts/Liberation Sans Bold.32.tga" part="runtime" sha1="e8927530dc94099ce5d5f92568d29b1e3dc1dc7f" />
	<File name="SimpleGraphic/Fonts/Liberation Sans Bold.tgf" part="runtime" sha1="704c68c7f87906e7b2159a0f0e0cb7160861178e" />
	<File name="SimpleGraphic/Fonts/Liberation Sans.10.tga" part="runtime" sha1="24b476e990fe5804df7264f225b6db63ad956907" />
	<File name="SimpleGraphic/Fonts/Liberation Sans.12.tga" part="runtime" sha1="ec96b2a3d13ea40ac5a9cdcb1a1bf9702461a2df" />
	<File name="SimpleGraphic/Fonts/Liberation Sans.14.tga" part="runtime" sha1="8e698d7b5701d0fff9594394eb789526ba65547e" />
	<File name="SimpleGraphic/Fonts/Liberation Sans.16.tga" part="runtime" sha1="37e84115416caeb52e6e65b37e0f378bcfe14447" />
	<File name="SimpleGraphic/Fonts/Liberation Sans.18.tga" part="runtime" sha1="3db0c18bc2333570598381aff2a103fc786d27db" />
	<File name="SimpleGraphic/Fonts/Liberation Sans.20.tga" part="runtime" sha1="f2f757885b1359164c78b11108a7d2f1beb0a706" />
	<File name="SimpleGraphic/Fonts/Liberation Sans.24.tga" part="runtime" sha1="6a5e5a131dd6ec31304d3889c1dacb326ccf0a03" />
	<File name="SimpleGraphic/Fonts/Liberation Sans.28.tga" part="runtime" sha1="3175f25ff2ba00f95f10078bea790ff591943c46" />
	<File name="SimpleGraphic/Fonts/Liberation Sans.32.tga" part="runtime" sha1="526edb97597a06ed0d9689107a4e130a22faf810" />
	<File name="SimpleGraphic/Fonts/Liberation Sans.tgf" part="runtime" sha1="31fdef9c0e2ad46df47123e7d81f5e8d4fe399ed" />
	<File name="TreeData/AmberOil.png" part="tree" sha1="2fd670aeee1c39ae99eef78cc351f9f7fbc091bc" />
	<File name="TreeData/AscendancyButton.png" part="tree" sha1="60d0e1334840a6f143b4c3cbe7f0675709701691" />
	<File name="TreeData/AscendancyButtonHighlight.png" part="tree" sha1="fcb6cd198a3b85c3b08623591bc0ba6d0ba4b991" />
	<File name="TreeData/AscendancyButtonPressed.png" part="tree" sha1="0fd975cf9d1c22276c06e9905cae12c8fff8b417" />
	<File name="TreeData/AscendancyFrameLargeAllocated.png" part="tree" sha1="3d13ba17db0f61b20d737c703414ff0263c2a1dc" />
	<File name="TreeData/AscendancyFrameLargeCanAllocate.png" part="tree" sha1="e11c24a1cb92489c9f29eb6a48a4927d2cc854f4" />
	<File name="TreeData/AscendancyFrameLargeNormal.png" part="tree" sha1="2560b194a15c342ec93ca8cfeba3a719229b48c8" />
	<File name="TreeData/AscendancyFrameSmallAllocated.png" part="tree" sha1="6dcd147b904c470af0a66412e7184ad03eba462b" />
	<File name="TreeData/AscendancyFrameSmallCanAllocate.png" part="tree" sha1="a67ab7791d2058b4322039f42b4ff49214fbcbb7" />
	<File name="TreeData/AscendancyFrameSmallNormal.png" part="tree" sha1="76574b733671962c07d4a6974abc6403ad764ab0" />
	<File name="TreeData/AscendancyMiddle.png" part="tree" sha1="fa33df0224c4f48c90f170cbe3c1382a5ec07642" />
	<File name="TreeData/AzureOil.png" part="tree" sha1="eec575d9afbc63dfe674e48847cd904b56217da4" />
	<File name="TreeData/Background1.png" part="tree" sha1="5ca14dfc325b1875d8fc50676766cbcc8607cee4" />
	<File name="TreeData/Background2.png" part="tree" sha1="d42c7cfd18a119280b3b4eb747095f79e9abba15" />
	<File name="TreeData/BackgroundDex.png" part="tree" sha1="a62eab7a2bd6e9c55d71b6c3b468e16991788ebf" />
	<File name="TreeData/BackgroundDexInt.png" part="tree" sha1="8e4505a50daf80d55ab92dfc482fea03d0efbe9c" />
	<File name="TreeData/BackgroundInt.png" part="tree" sha1="1d27eaf60b578247830e3ea4b1c75ad9f6a31cde" />
	<File name="TreeData/BackgroundStr.png" part="tree" sha1="5d2fbcff5b012177c7cb3d60e65b0ed0f8496a3e" />
	<File name="TreeData/BackgroundStrDex.png" part="tree" sha1="ace742515fb246d5e83a5bdf7f52d1c1e5f1bb0b" />
	<File name="TreeData/BackgroundStrInt.png" part="tree" sha1="02e516da646da75ad6d68d391c95f58b28211eb2" />
	<File name="TreeData/BlackOil.png" part="tree" sha1="4362c3ffc24fca10756118815105dc8f17e9c459" />
	<File name="TreeData/BlightedNotableFrameAllocated.png" part="tree" sha1="623d10bc07da4ab626bb29aa862f59e01c21fe4a" />
	<File name="TreeData/BlightedNotableFrameCanAllocate.png" part="tree" sha1="f2e0d3af59c602d1e05d4243b578d910d516da4f" />
	<File name="TreeData/BlightedNotableFrameUnallocated.png" part="tree" sha1="d509753cbfd2dad5faeef687e654ca6aff8d8b95" />
	<File name="TreeData/centerduelist.png" part="tree" sha1="1c7494f3771b3b9c91a03ffe50c7f018f967c684" />
	<File name="TreeData/centermarauder.png" part="tree" sha1="2188a9ed5f122d9284d002dd628f2091bc196841" />
	<File name="TreeData/centerranger.png" part="tree" sha1="54afada86d4cf2894af3bcaac9e6ccf509fd54bf" />
	<File name="TreeData/centerscion.png" part="tree" sha1="f57437370e64ffc22bc754cddeb9a6a4f4497b41" />
	<File name="TreeData/centershadow.png" part="tree" sha1="578e4fa9762261762be2714572edc436e0adddea" />
	<File name="TreeData/centertemplar.png" part="tree" sha1="55bf345efacbf3e08a18d2e44e51beffffbb2a95" />
	<File name="TreeData/centerwitch.png" part="tree" sha1="d333706ca7a10f998d6b5240c679e598a60edf90" />
	<File name="TreeData/ClassesAscendant.png" part="tree" sha1="30c010e605c6b5bdc9f22c43330bee360e6bc98b" />
	<File name="TreeData/ClassesAssassin.png" part="tree" sha1="680948488f95027f182ea4b7eefd12f66e26e173" />
	<File name="TreeData/ClassesBerserker.png" part="tree" sha1="0f2c9b5752ea8d9115d713f79305f2347d5bc943" />
	<File name="TreeData/ClassesChampion.png" part="tree" sha1="9065bc7b37deaa3f3bc9fdef8ba2047ea44002e6" />
	<File name="TreeData/ClassesChieftain.png" part="tree" sha1="65fad45b4b4ddcb9118ebb9dd63c60f7d0586d3e" />
	<File name="TreeData/ClassesDeadeye.png" part="tree" sha1="20be006424044f91d3a7eb8c80fc1b695f033cc9" />
	<File name="TreeData/ClassesElementalist.png" part="tree" sha1="8d42b88c7f63f16ed8516234940a9cb6af6d2d65" />
	<File name="TreeData/ClassesGladiator.png" part="tree" sha1="4b89078a1b34d204aadd59e1c284bc6b1a3d6271" />
	<File name="TreeData/ClassesGuardian.png" part="tree" sha1="9fa535b0c3e6e21b2a18333d6eddcfb323be1cda" />
	<File name="TreeData/ClassesHierophant.png" part="tree" sha1="330ea3e4afda54e826a251b9bb6d3c5589551be3" />
	<File name="TreeData/ClassesInquisitor.png" part="tree" sha1="a949301f0c852c54c8dce465249b648d4d3ae285" />
	<File name="TreeData/ClassesJuggernaut.png" part="tree" sha1="3ac5920d583e885758dc9f0434a3dde91273ccc2" />
	<File name="TreeData/ClassesNecromancer.png" part="tree" sha1="50d4b793b1150b54d9805e4c4b68080fc79d1e1e" />
	<File name="TreeData/ClassesOccultist.png" part="tree" sha1="c21c3fb8a472454edbb99e3377b90299bd54ebfa" />
	<File name="TreeData/ClassesPathfinder.png" part="tree" sha1="c65dd580ac2583737829eac55fe4d9ec552648c1" />
	<File name="TreeData/ClassesRaider.png" part="tree" sha1="f755c1a3d1e47c847ef096bd4ad019c5ef50f880" />
	<File name="TreeData/ClassesSaboteur.png" part="tree" sha1="c5cef3aaba22f472fd032b6531ae672722ed9002" />
	<File name="TreeData/ClassesSlayer.png" part="tree" sha1="4a245709feb0f5aeca64e3407a4ac76b72cf3163" />
	<File name="TreeData/ClassesTrickster.png" part="tree" sha1="66799e65d7c68ec371e45781c44e857c28276bce" />
	<File name="TreeData/ClearOil.png" part="tree" sha1="9319447ffae59ca9dbaf7b40ce130f193c746571" />
	<File name="TreeData/CrimsonOil.png" part="tree" sha1="1fb94eb2f65c7b9b5395e2daf6c887f43bd0f4cd" />
	<File name="TreeData/EternalEmpireJewelCircle1.png" part="tree" sha1="5ff686f46e7798c11e835a83027039d0c14ba3f4" />
	<File name="TreeData/EternalEmpireJewelCircle2.png" part="tree" sha1="578b54ff2208f9387d52e40b78fc533e9978ee97" />
	<File name="TreeData/GoldenOil.png" part="tree" sha1="8475b6862fbc2a8b11fff241ff3390b76aba5f8b" />
	<File name="TreeData/GroupBackgroundLargeHalfAlt.png" part="tree" sha1="de51eab5094586b2ab5e369b5a845713ceba0149" />
	<File name="TreeData/GroupBackgroundMediumAlt.png" part="tree" sha1="fdb250610ea0f6b7d19f6c4a8b55158f43c84fab" />
	<File name="TreeData/GroupBackgroundSmallAlt.png" part="tree" sha1="2bcdea282eaa55f2cefdebb3af54cdebd3488221" />
	<File name="TreeData/imgPSFadeCorner.png" part="tree" sha1="b74e007cd3c61059f3a4e303c7caf34f15e2cad3" />
	<File name="TreeData/imgPSFadeSide.png" part="tree" sha1="e27bb4ab38d3865f8bb7c5dd46f0dcc53a599a26" />
	<File name="TreeData/IndigoOil.png" part="tree" sha1="92cba0521ea4eac6fb1b3fc75a0c1d45c6e676c5" />
	<File name="TreeData/JewelCircle1.png" part="tree" sha1="ed2b4dfdb469433632e59738efc1319f462a3670" />
	<File name="TreeData/JewelCircle1Inverse.png" part="tree" sha1="9cd9f26f4271b99a514e5771bf6f87f6261b5133" />
	<File name="TreeData/JewelFrameAllocated.png" part="tree" sha1="d0f946ce6d138909ebb4f1341b29d32c74df7718" />
	<File name="TreeData/JewelFrameCanAllocate.png" part="tree" sha1="a8b2f840cdde3a8821ca1790a5109d9abd0e3f32" />
	<File name="TreeData/JewelFrameUnallocated.png" part="tree" sha1="aa457e8183c9f805992027512d8879cda5538d72" />
	<File name="TreeData/JewelSocketActiveAbyss.png" part="tree" sha1="4f675d3e44ee8f989fb0164a3c6e87c580374c45" />
	<File name="TreeData/JewelSocketActiveAbyssAlt.png" part="tree" sha1="f376d0700aa55e12af6a547025f096c39b3d5d48" />
	<File name="TreeData/JewelSocketActiveAltBlue.png" part="tree" sha1="e960df28e43119c60b86281d0dd584be9a57e285" />
	<File name="TreeData/JewelSocketActiveAltPurple.png" part="tree" sha1="8e4d77dee8048b8da4d9556c7a6c51a69a231670" />
	<File name="TreeData/JewelSocketActiveAltRed.png" part="tree" sha1="1aa3d97654fc0c09856d9668aceb1fbc50af8c83" />
	<File name="TreeData/JewelSocketActiveBlue.png" part="tree" sha1="39796196dc48f0a5cfd648d6b87631960c165891" />
	<File name="TreeData/JewelSocketActiveBlueAlt.png" part="tree" sha1="6a10f1e1eb0400ef81057467fc38cca719b52418" />
	<File name="TreeData/JewelSocketActiveGreen.png" part="tree" sha1="c0e4c8192a0593e2174152412c1744897c4dc79b" />
	<File name="TreeData/JewelSocketActiveGreenAlt.png" part="tree" sha1="1842721b8ea21b4a591c40be9756d46068f9fdd0" />
	<File name="TreeData/JewelSocketActiveLegion.png" part="tree" sha1="78c4efa11be1783af1649f1917f29c30ee82300c" />
	<File name="TreeData/JewelSocketActiveLegionAlt.png" part="tree" sha1="02b0f4e8d7a2e1c0038327582099a1667095cfa8" />
	<File name="TreeData/JewelSocketActivePrismatic.png" part="tree" sha1="333bbd5ec8e58dbc37958fb5c5cb4cbc70df1cb8" />
	<File name="TreeData/JewelSocketActivePrismaticAlt.png" part="tree" sha1="fe83b21f238dd03788a1d7ebff9b572970cf27ee" />
	<File name="TreeData/JewelSocketActiveRed.png" part="tree" sha1="32487978b9c0ec456b8a4b8f189c84d3c86ae21c" />
	<File name="TreeData/JewelSocketActiveRedAlt.png" part="tree" sha1="9c236bad2d8f7c45d295d59466bf2d01ebbf0c2e" />
	<File name="TreeData/JewelSocketAltActive.png" part="tree" sha1="3fdaca72ea72173b4f54ad32ddf2d627ed1faefa" />
	<File name="TreeData/JewelSocketAltCanAllocate.png" part="tree" sha1="691b66d167a37b9c00392fd047b1949635611527" />
	<File name="TreeData/JewelSocketAltNormal.png" part="tree" sha1="6bc256ab46f67b26c5c51aaa30d85bca42baa4d4" />
	<File name="TreeData/JewelSocketClusterAltCanAllocate1Large.png" part="tree" sha1="bacfc3363c4266123f6b55e4e701e62590da24b0" />
	<File name="TreeData/JewelSocketClusterAltCanAllocate1Medium.png" part="tree" sha1="e9d89e2142ee68d6ec0bd828d508bc1b08777e5e" />
	<File name="TreeData/JewelSocketClusterAltCanAllocate1Small.png" part="tree" sha1="3c296d18df70dd1920cf0956e25975fdc8cba5f3" />
	<File name="TreeData/JewelSocketClusterAltNormal1Large.png" part="tree" sha1="731b1fa4a776520d342e783fc5934782dbe22090" />
	<File name="TreeData/JewelSocketClusterAltNormal1Medium.png" part="tree" sha1="eb1c39beec586c6814c55c289e4164f8256e576e" />
	<File name="TreeData/JewelSocketClusterAltNormal1Small.png" part="tree" sha1="6877504dcd6900f7b6218d35ecdab49b818a261d" />
	<File name="TreeData/JewelSocketActiveTimeless.png" part="tree" sha1="abed5c654cb450aac8ab1c9bef5d1377a7b18d67" />
	<File name="TreeData/KaruiJewelCircle1.png" part="tree" sha1="662633c5424b325983f3d9ad50ce35e9390c0218" />
	<File name="TreeData/KaruiJewelCircle2.png" part="tree" sha1="a25f741e0423354300b4e550e9cd57eb29d1a99f" />
	<File name="TreeData/KeystoneFrameAllocated.png" part="tree" sha1="a7ec147315e57e95d8440a14920c852f15c0cdcf" />
	<File name="TreeData/KeystoneFrameCanAllocate.png" part="tree" sha1="56bb163714febf13463baf12bd758739a57e6a70" />
	<File name="TreeData/KeystoneFrameUnallocated.png" part="tree" sha1="d424ac607ea6c2696b5e27f6a566e47c772072cd" />
	<File name="TreeData/LineConnectorActive.png" part="tree" sha1="1c743489dae753c10e9395ca15f6775e49e623a0" />
	<File name="TreeData/LineConnectorIntermediate.png" part="tree" sha1="f6a12a47d663a26fa9e51c44c5bee9a906e1af73" />
	<File name="TreeData/LineConnectorNormal.png" part="tree" sha1="f2b009c3e735a4a456977f0b06faed633aea1635" />
	<File name="TreeData/MarakethJewelCircle1.png" part="tree" sha1="2e6dd08eed2b3f68b14063541f08a0ff95750c46" />
	<File name="TreeData/MarakethJewelCircle2.png" part="tree" sha1="af822f164d05c035c4ffa3d5035e4cd6fe67f678" />
	<File name="TreeData/NotableFrameAllocated.png" part="tree" sha1="e0c01cd83cc50dd333d11299b29ddc02ff8c20aa" />
	<File name="TreeData/NotableFrameCanAllocate.png" part="tree" sha1="87973c184c904a4f7655d12cfd695d13c4108ab0" />
	<File name="TreeData/NotableFrameUnallocated.png" part="tree" sha1="b897b879edcb1f0f73ff8609926fc9ff0fa2da5f" />
	<File name="TreeData/OpalescentOil.png" part="tree" sha1="ec857841ed5837c87e873de187502d77a77664ea" />
	<File name="TreeData/Orbit1Active.png" part="tree" sha1="6c762b8fed697771114fed94c260643f1fda75ea" />
	<File name="TreeData/Orbit1Intermediate.png" part="tree" sha1="1fdfa55f70a3404435b70a154813f9daf44af6f0" />
	<File name="TreeData/Orbit1Normal.png" part="tree" sha1="315aad48e6886b49d45cc76a8dfd172508d6d737" />
	<File name="TreeData/Orbit2Active.png" part="tree" sha1="dc233d911c271982e8cc692492c4a5335edba69a" />
	<File name="TreeData/Orbit2Intermediate.png" part="tree" sha1="1ceede85be616351e856108a5e49dc8637daeebe" />
	<File name="TreeData/Orbit2Normal.png" part="tree" sha1="dfd66a02f3dae87eae9f245c48978085de45a7ba" />
	<File name="TreeData/Orbit3Active.png" part="tree" sha1="c3ca9d3f8892ffe295e952d8e476b5d688dee8ac" />
	<File name="TreeData/Orbit3Intermediate.png" part="tree" sha1="1190bd91f89845c8a2bbf7eff15b9f8c8e3e3884" />
	<File name="TreeData/Orbit3Normal.png" part="tree" sha1="fba8ad863046297cb982bc96514fc58b99c7d2f0" />
	<File name="TreeData/Orbit4Active.png" part="tree" sha1="c5b6faf95cf819bc84e3abb7d212f53210372fa5" />
	<File name="TreeData/Orbit4Intermediate.png" part="tree" sha1="ce337f314f0b69fb441d1861e00ac702d2261cfa" />
	<File name="TreeData/Orbit4Normal.png" part="tree" sha1="208638cbd1c482d035dc249774d0141328b78d7b" />
	<File name="TreeData/Orbit5Active.png" part="tree" sha1="a0fcd97482116b0c0d5321b9f63dbcf77b647e9c" />
	<File name="TreeData/Orbit5Intermediate.png" part="tree" sha1="03595348ee1ae534d770419fd8cc59b628d464ba" />
	<File name="TreeData/Orbit5Normal.png" part="tree" sha1="f86312e0df861d513562353320da2ab4c5a0fd71" />
	<File name="TreeData/Orbit6Active.png" part="tree" sha1="dab85883e0a82bf5f5ca6c09014b2eb003bbebfd" />
	<File name="TreeData/Orbit6Intermediate.png" part="tree" sha1="f299091746a297c69d28020b53d854ff91157a93" />
	<File name="TreeData/Orbit6Normal.png" part="tree" sha1="58bd59fda0cdc1c7504a6093ff9041080588d654" />
	<File name="TreeData/PassiveSkillScreenAscendancyButton.png" part="tree" sha1="570f34a29da650e6d6781890db7ff5d5a8dd18be" />
	<File name="TreeData/PassiveSkillScreenAscendancyButtonHighlight.png" part="tree" sha1="c24ff0df6d4a5228dd46d29b49fe1b68d1133e48" />
	<File name="TreeData/PassiveSkillScreenAscendancyButtonPressed.png" part="tree" sha1="bfdf7398d89e94ade00ee3a35e12827f2933465b" />
	<File name="TreeData/PassiveSkillScreenAscendancyFrameLargeAllocated.png" part="tree" sha1="f7a5a410f5bf598e7d5363604dd8875db062453f" />
	<File name="TreeData/PassiveSkillScreenAscendancyFrameLargeCanAllocate.png" part="tree" sha1="15774c60f76ec5c3d390b261abb8d19647fe75d7" />
	<File name="TreeData/PassiveSkillScreenAscendancyFrameLargeNormal.png" part="tree" sha1="5c2f1bc140b0fb7afdf78bf8c3bd9e7651cababc" />
	<File name="TreeData/PassiveSkillScreenAscendancyFrameSmallAllocated.png" part="tree" sha1="d914bdfc4a1a63daff44bbae550ba8d1fdfefaa4" />
	<File name="TreeData/PassiveSkillScreenAscendancyFrameSmallCanAllocate.png" part="tree" sha1="81e9df4424a49c38ab55767434078690e35a0d1c" />
	<File name="TreeData/PassiveSkillScreenAscendancyFrameSmallNormal.png" part="tree" sha1="58caea3a42eadf821e2dae5b7ed4e236e07c700f" />
	<File name="TreeData/PassiveSkillScreenAscendancyMiddle.png" part="tree" sha1="7bad658a6a0140d747c7f403d73b1fe6b8b3939e" />
	<File name="TreeData/PassiveSkillScreenEternalEmpireJewelCircle1.png" part="tree" sha1="176d82b2b3cef255d96233bf0d3cc6f52856a10d" />
	<File name="TreeData/PassiveSkillScreenEternalEmpireJewelCircle2.png" part="tree" sha1="4608694066030f98d03f12bb4c0f8637bb67ff50" />
	<File name="TreeData/PassiveSkillScreenJewelCircle1.png" part="tree" sha1="61eb7f289f38b87cf92a6ab08110c70e9ea76a22" />
	<File name="TreeData/PassiveSkillScreenKaruiJewelCircle1.png" part="tree" sha1="b482fde617eee347a5eaae7f59214374776d18ce" />
	<File name="TreeData/PassiveSkillScreenKaruiJewelCircle2.png" part="tree" sha1="6ab37a27f6682d7dc1663d33e0d72cb2be9dc186" />
	<File name="TreeData/PassiveSkillScreenMarakethJewelCircle1.png" part="tree" sha1="43146cfe341910d2bc3344335bb941ed051bfc59" />
	<File name="TreeData/PassiveSkillScreenMarakethJewelCircle2.png" part="tree" sha1="c374c6df84a3722f1e76736efd4c319663a41c43" />
	<File name="TreeData/PassiveSkillScreenTemplarJewelCircle1.png" part="tree" sha1="278c73cb6fc8cf570624495272ef261959b6582f" />
	<File name="TreeData/PassiveSkillScreenTemplarJewelCircle2.png" part="tree" sha1="b0ea15b6228a293c152d3fe4a0d087a5ca6a32f8" />
	<File name="TreeData/PassiveSkillScreenVaalJewelCircle1.png" part="tree" sha1="4ab002b077e40968738c0cfaef99c409e2fc65a5" />
	<File name="TreeData/PassiveSkillScreenVaalJewelCircle2.png" part="tree" sha1="98fe9b58bbd2b17c71baf9e1d769bfe5bc056f99" />
	<File name="TreeData/PSGroupBackground1.png" part="tree" sha1="fddf3f37d9a661a14eb8c00914c9a4b50a0005dd" />
	<File name="TreeData/PSGroupBackground2.png" part="tree" sha1="6172580c6a143274487cb1b0fee6fe5d3babf7e3" />
	<File name="TreeData/PSGroupBackground3.png" part="tree" sha1="c1921ff01a66d345945cfb4e8562d2878dbf8e95" />
	<File name="TreeData/PSLineDeco.png" part="tree" sha1="5585d3d7fd7ac8f946c52111f24f09880b5c2413" />
	<File name="TreeData/PSLineDecoHighlighted.png" part="tree" sha1="8e0d7b6c12f27218e8c3a86f96b8390582d2bc63" />
	<File name="TreeData/PSPointsFrame.png" part="tree" sha1="6e10d16cb9a4070c84f935d97064a2c05381c63b" />
	<File name="TreeData/PSSkillFrame.png" part="tree" sha1="82fbfcd4d9c7b61464614f69aeeb6912712b7dde" />
	<File name="TreeData/PSSkillFrameActive.png" part="tree" sha1="e820f2fd0187c7fb5e255b89a53115fd25847831" />
	<File name="TreeData/PSSkillFrameHighlighted.png" part="tree" sha1="876508200ac2043ec9af17cc0d34382b990480e9" />
	<File name="TreeData/PSStartNodeBackgroundInactive.png" part="tree" sha1="3f9173651fd88f8c9ed0ddf2c939a15e4767b973" />
	<File name="TreeData/SepiaOil.png" part="tree" sha1="bdb1e7d716599d5cd1b6fb5f4c919cb7cab24530" />
	<File name="TreeData/SilverOil.png" part="tree" sha1="9120b5adf5a4c5e4162798b50e1c4c70735e1288" />
	<File name="TreeData/TealOil.png" part="tree" sha1="b520f0814555df5b7f9ac9d2831cace63e4f822e" />
	<File name="TreeData/TemplarJewelCircle1.png" part="tree" sha1="610b42ac157bca85247b81a534427f9fa80253c4" />
	<File name="TreeData/TemplarJewelCircle2.png" part="tree" sha1="4778a3c3acc8c4d32b8cd677be0e2db7d32bb0f6" />
	<File name="TreeData/VaalJewelCircle1.png" part="tree" sha1="a84d7a44d160e1480a3036b547de3ae2153a0c52" />
	<File name="TreeData/VaalJewelCircle2.png" part="tree" sha1="facc5d2fea2f0027d09fdb6e4692f9f298aff293" />
	<File name="TreeData/VerdantOil.png" part="tree" sha1="97e77b6e96accf440c17a81d622bf629b8c78fe7" />
	<File name="TreeData/VioletOil.png" part="tree" sha1="1e9e4f0683a5156c27cb7ddafada8bed877e1c25" />
	<File name="TreeData/legion/skills-additional-3.jpg" part="tree" sha1="b98c0a2b9ac6dd585450789e2b53437e246592bf" />
	<File name="TreeData/legion/skills-additional-disabled-3.jpg" part="tree" sha1="988e3d5a1b489fb8ae4eb3647f32fec689c6eddb" />
	<File name="TreeData/legion/tree-legion.lua" part="tree" sha1="3b57c9eae4553c66407b8ce4981aca5c06c7ad92" />
	<File name="TreeData/2_6/tree.lua" part="tree" sha1="ee02b7e6e521896c498d8b222b1efab04538eaa7" />
	<File name="TreeData/2_6/skill_sprite-3-32f639bbfc42783ca7ec218a787dd918.jpg" part="tree" sha1="dc7a2a0383847ac28eade8a31a57a8bfa7b298e4" />
	<File name="TreeData/2_6/skill_sprite-active-3-3e73c4c4534433ecfc340c7287093bd5.png" part="tree" sha1="baa878007cfac73bee50958d25617b95c0e73a2d" />
	<File name="TreeData/2_6/skill_sprite-active-3-7798fabab8a21829831293c20ac9c414.jpg" part="tree" sha1="526654400851f032d3d2f46980c0ecc077aa0c4c" />
	<File name="TreeData/3_6/tree.lua" part="tree" sha1="9c28311886cf10799b745e843c3b06b1c40f0c24" />
	<File name="TreeData/3_6/groups-3.png" part="tree" sha1="ea7ce14f355f5389cc5133c0999c53b943e6141b" />
	<File name="TreeData/3_6/skills-3.jpg" part="tree" sha1="b5277c97e46807feeb98c241be5a77267fa56a85" />
	<File name="TreeData/3_6/skills-disabled-3.jpg" part="tree" sha1="22ab849bbe94942c199c9b218f76da14fba58413" />
	<File name="TreeData/3_7/tree.lua" part="tree" sha1="2c73d57dabd0054b884b2a63b8af9948592fd6ef" />
	<File name="TreeData/3_7/groups-3.png" part="tree" sha1="6c1a0b5721a866755292721a097ee1520a100a95" />
	<File name="TreeData/3_7/skills-3.jpg" part="tree" sha1="c3262896ffb085f04d0f4c830294a5c99982b7e2" />
	<File name="TreeData/3_7/skills-disabled-3.jpg" part="tree" sha1="8b312d618e14a948628e9716861d1c6eb0b65774" />
	<File name="TreeData/3_8/tree.lua" part="tree" sha1="e5ff335980875ef278038fa46f40e1f18a4b5f7a" />
	<File name="TreeData/3_8/groups-3.png" part="tree" sha1="9ad64986cd50d2ac198b8e2b6f8c4aa1b6b3227a" />
	<File name="TreeData/3_8/skills-3.jpg" part="tree" sha1="bf8f56caa6a57e1dd39782c5b692290b05fd55bd" />
	<File name="TreeData/3_8/skills-disabled-3.jpg" part="tree" sha1="744565abb088b75fa335c0b3024a13f0e1a21033" />
	<File name="TreeData/3_9/tree.lua" part="tree" sha1="55bef2fbee9f9fc63e35d92b37b95f428c8d5ac2" />
	<File name="TreeData/3_9/groups-3.png" part="tree" sha1="ddf012e0184c29bc1aee994badd8ede83aaebb73" />
	<File name="TreeData/3_9/skills-3.jpg" part="tree" sha1="119218595a02d38e11ac331d4920d23f8acc86de" />
	<File name="TreeData/3_9/skills-disabled-3.jpg" part="tree" sha1="e73624e16e81cb5393d07685a766dc3afc8f9e39" />
	<File name="TreeData/3_10/tree.lua" part="tree" sha1="8328acf9bfecc4a2991348adbf0f683908ecb9fa" />
	<File name="TreeData/3_10/groups-3.png" part="tree" sha1="85a5d6410e38d62c567538caba62d1c20c306453" />
	<File name="TreeData/3_10/skills-3.jpg" part="tree" sha1="5e178407366f55bd46739ecba312fcb3e0d515dc" />
	<File name="TreeData/3_10/skills-disabled-3.jpg" part="tree" sha1="ef12b39c6dad5448e6f10c92a1b4e7cf38e00843" />
	<File name="TreeData/3_11/tree.lua" part="tree" sha1="2c66328deede4395fef5d7b1b81b697cdc8e0813" />
	<File name="TreeData/3_11/groups-3.png" part="tree" sha1="351b940efd39cf3210babd01f8843b930a3c6165" />
	<File name="TreeData/3_11/skills-3.jpg" part="tree" sha1="e24100ec6bc1a20486424f95f878f0ff75753f97" />
	<File name="TreeData/3_11/skills-disabled-3.jpg" part="tree" sha1="b7a63aecf727ccc8e826d1cefd8d6ee7029714e0" />
	<File name="TreeData/3_12/tree.lua" part="tree" sha1="973784f215cdf0ea8889fcf019ca59c4213f4ba3" />
	<File name="TreeData/3_12/groups-3.png" part="tree" sha1="5d0781818aa0fc971e40c71606794167f399b010" />
	<File name="TreeData/3_12/skills-3.jpg" part="tree" sha1="250196fea41d29ba3a70f6f906bf909615fadb71" />
	<File name="TreeData/3_12/skills-disabled-3.jpg" part="tree" sha1="5b955112389654a805be7f76a09d23efeb40b7f3" />
	<File name="TreeData/3_13/tree.lua" part="tree" sha1="f9ab50ea0d56c60516829b1952b1709be308b6d3" />
	<File name="TreeData/3_13/groups-3.png" part="tree" sha1="5bfa14f0073f8835c12cb3297f0855dfc68eb869" />
	<File name="TreeData/3_13/skills-3.jpg" part="tree" sha1="4e066860145766ebe0c606833f4cf41fe4bf90e4" />
	<File name="TreeData/3_13/skills-disabled-3.jpg" part="tree" sha1="435f782d319f5457d75ca98fb3f1e75fac64e2c5" />
	<File name="TreeData/3_14/tree.lua" part="tree" sha1="77e80cea5bc31877fea3c17b6b640c54799ccc45" />
	<File name="TreeData/3_14/groups-3.png" part="tree" sha1="fe91708e0c16dc1bab7ee3f436914ef7201df9c9" />
	<File name="TreeData/3_14/skills-3.jpg" part="tree" sha1="bcb605cce06852fb5a6961369229afe4a6bdff0f" />
	<File name="TreeData/3_14/skills-disabled-3.jpg" part="tree" sha1="1f8841f20d25396f0a4b9ae2e5ba7ce28036ac45" />
	<File name="TreeData/3_15/tree.lua" part="tree" sha1="ee8ffb8adab5728d6a8748d25244d9bcb58fe800" />
	<File name="TreeData/3_15/groups-3.png" part="tree" sha1="ad86bd7b8d189d37eb1aa3e5bdc1f3c6c5e7aadc" />
	<File name="TreeData/3_15/skills-3.jpg" part="tree" sha1="a2fb3f5bab2819204b80afbde7a27ba3e3b7f08e" />
	<File name="TreeData/3_15/skills-disabled-3.jpg" part="tree" sha1="d1fcdec9f039bc9f16fb1bac837804bed42df6d7" />
	<File name="TreeData/3_16/tree.lua" part="tree" sha1="6558feaf4e34ec4cddfc6ffa10a88c2e212c7abd" />
	<File name="TreeData/3_16/mastery-active-effect-3.png" part="tree" sha1="3842bee3d952f6363b1f88e546519d2b0691849b" />
	<File name="TreeData/3_16/mastery-active-selected-3.png" part="tree" sha1="3838d80b08d8789b455558e814dcbde686a1df14" />
	<File name="TreeData/3_16/mastery-connected-3.png" part="tree" sha1="5b13e5f2d88d5118421f97042ce91e7ba3f80f1f" />
	<File name="TreeData/3_16/mastery-disabled-3.png" part="tree" sha1="2401a6162eb0a9d831c15f987d972145e530bb77" />
	<File name="TreeData/3_16/skills-3.jpg" part="tree" sha1="c638888d1c61852c9fbcafd49a54a9f9c7208598" />
	<File name="TreeData/3_16/skills-disabled-3.jpg" part="tree" sha1="f637d86d9457c569e3327a424f34586b93bd1753" />
	<File name="TreeData/3_17/tree.lua" part="tree" sha1="46d908149cacaa6ac0dab5e7b6bcf73e450a8c29" />
	<File name="TreeData/3_17/mastery-active-effect-3.png" part="tree" sha1="3b1613343bd48d7467688a4573f92e29f5b0fd07" />
	<File name="TreeData/3_17/mastery-active-selected-3.png" part="tree" sha1="9e53068c88e0a6675e9d0c7ad07e640d1e487438" />
	<File name="TreeData/3_17/mastery-connected-3.png" part="tree" sha1="a54994c71e2afe4ee6580dfd2fc2e95d2870cf97" />
	<File name="TreeData/3_17/mastery-disabled-3.png" part="tree" sha1="70b70f9eb03ef55c945c0208f7d867e91085d9d7" />
	<File name="TreeData/3_17/skills-3.jpg" part="tree" sha1="087f3fd8551af0e5664404e3d5330af5c3e15a74" />
	<File name="TreeData/3_17/skills-disabled-3.jpg" part="tree" sha1="f321b6fa69bb70a390eb935b7aacf42b14c51aaf" />
</PoBVersion>